收容所編號,名稱,縣市,鄉鎮,村里,門牌地址,類型,水災,震災,土石流,海嘯,救濟支站,無障礙設施,室內,室外,服務里別,容納人數,收容所面積（平方公尺）,聯絡人姓名,聯絡人連絡電話,管理人姓名,管理人連絡電話,備考,完整地址
SA100-0002,臺北市立螢橋國民中學,臺北市,中正區,林興里,汀州路三段四號,學校,Y,備用,N,N,Y,Y,Y,N,板溪里、網溪里、螢圃里、林興里、河堤里、頂東里、文盛里、富水里、水源里,52,209,黃君宜,02-23688667#500,陳錦謀,02-23688667#100,,臺北市中正區林興里汀州路三段四號
SA100-0003,臺北市立大學附設實驗國民小學,臺北市,中正區,黎明里,公園路29號,學校,Y,Y,N,N,Y,Y,Y,N,黎明里、建國里、新營里、龍福里,157,1062,羅傑,02-23110395#840,吳家瑞,02-23110395#800,,臺北市中正區黎明里公園路29號
SA100-0004,臺北市立弘道國民中學,臺北市,中正區,建國里,公園路21號,學校,Y,Y,N,N,Y,Y,Y,N,光復里、建國里、黎明里、東門里、龍福里、幸福里、文北里,130,520,曾正一,02-23715520#500,唐廷俊,02-23715520#100,,臺北市中正區建國里公園路21號
SA100-0005,二二八和平公園,臺北市,中正區,黎明里,凱達格蘭大道3號,公園/綠地,Y,Y,N,N,N,Y,N,Y,全區,5424,21696,陳煌耀,02-23032451,陳煌耀,02-23032451,,臺北市中正區黎明里凱達格蘭大道3號
SA100-0006,臺北市中正運動中心,臺北市,中正區,東門里,信義路一段1號,體育場館/運動中心,Y,備用,N,N,Y,N,Y,N,東門里、文祥里、三愛里、文北里,250,2457.96,陳泓維,02-25702330#6425,陳凱頻,02-25702330#6425,,臺北市中正區東門里信義路一段1號
SA100-0007,臺北市立中正國民中學,臺北市,中正區,新營里,愛國東路158號,學校,Y,備用,N,N,Y,Y,Y,N,新營里、文祥里、文北里、南福里,300,1800,蔡宜芬,02-23916697#501,林泰安,02-23916697#101,,臺北市中正區新營里愛國東路158號
SA100-0008,臺北市立第一女子高級中學,臺北市,中正區,建國里,重慶南路一段165號,學校,Y,備用,N,N,Y,Y,Y,N,光復里、黎明里、建國里,60,500,賴祝宏,02-23820484#600,陳智源,02-23820484#200,,臺北市中正區建國里重慶南路一段165號
SA100-0009,臺北市立古亭國民中學,臺北市,中正區,永功里,中華路二段465號,學校,Y,備用,N,N,Y,Y,Y,N,永昌里、螢雪里、永功里、忠勤里、龍興里,60,1200,顏錦江,02-23090986#510,莊豐兆,02-23090986#101,,臺北市中正區永功里中華路二段465號
SA100-0010,臺北市立成功高級中學,臺北市,中正區,幸福里,濟南路一段71號,學校,Y,備用,N,N,Y,Y,Y,N,幸福里、文北里,31,300,連育賢,23216256#231,劉晶晶,23216256#201,,臺北市中正區幸福里濟南路一段71號
SA100-0011,臺北市中正區忠孝國民小學,臺北市,中正區,梅花里,忠孝東路二段101號,學校,N,備用,N,N,Y,Y,Y,N,幸福里、幸市里、梅花里,30,54,宋志倫,02-23918170#831,李亦欣,02-23918170#800,,臺北市中正區梅花里忠孝東路二段101號
SA100-0012,臺北市中正區東門國民小學,臺北市,中正區,東門里,仁愛路一段2-4號,學校,Y,備用,N,N,Y,Y,Y,N,東門里、文北里、文祥里、梅花里、新營里、幸福里、南福里、三愛里,100,400,陳幸岑,02-23412822#23,簡邑容,02-23412822#11,,臺北市中正區東門里仁愛路一段2-4號
SA100-0013,臺北市中正區河堤國民小學,臺北市,中正區,河堤里,汀州路二段180號,學校,Y,備用,N,N,Y,Y,Y,N,河堤里、頂東里、板溪里、網溪里、螢圃里,72,216,陳昱至,02-23677144#831,楊淑惠,02-23677144#888,,臺北市中正區河堤里汀州路二段180號
SA100-0014,臺北市中正區南門國民小學,臺北市,中正區,南門里,廣州街6號,學校,Y,備用,N,N,Y,Y,Y,N,愛國里、南門里、廈安里,30,100,鄭志祥,02-23715052#401,李嗣蕙,02-23753225,,臺北市中正區南門里廣州街6號
SA100-0015,臺北市立南門國民中學,臺北市,中正區,南門里,廣州街6號,學校,Y,備用,N,N,Y,Y,Y,N,南門里、愛國里、龍光里、龍興里、南福里、永功里、廈安里、龍福里,151,1512,楊鈞媛,02-23142775#361,劉增銘,02-23142775#328,,臺北市中正區南門里廣州街6號
SA100-0016,臺北市立建國高級中學,臺北市,中正區,龍光里,南海路56號,學校,N,備用,N,N,Y,Y,Y,N,龍光里、龍興里、南福里,300,2609,張佑頴,02-23034381#501,莊智鈞,02-23034381#101,,臺北市中正區龍光里南海路56號
SA100-0017,臺北市國語實驗國民小學,臺北市,中正區,龍光里,南海路58號,學校,N,備用,N,N,Y,Y,Y,N,龍光里、龍興里、廈安里、龍福里、永功里,49,1442.23,許詩玉,02-23033555#500,吳智亭,02-23033555#100,,臺北市中正區龍光里南海路58號
SA100-0018,臺北市中正區螢橋國民小學,臺北市,中正區,螢雪里,詔安街29號,學校,Y,備用,N,N,Y,Y,Y,N,螢雪里、永功里、永昌里、南福里、螢圃里,303,500,賴維政,02-23054620#109,莊訪祺,02-23054620#100,,臺北市中正區螢雪里詔安街29號
SA100-0019,中正紀念堂站,臺北市,中正區,龍福里,臺北市中正區羅斯福路1段8之1號B1,捷運站體,Y,N,N,N,Y,Y,Y,N,全區,1974,7897,臺北捷運公司值班站長,25505600#4112,臺北捷運公司值班站長,25505600#4112,,臺北市中正區羅斯福路1段8之1號B1
SA100-0020,古亭站,臺北市,中正區,頂東里,臺北市中正區羅斯福路2段164之1號B1,捷運站體,Y,N,N,N,Y,Y,Y,N,全區,1828,7315,臺北捷運公司值班站長,25505600#5102,臺北捷運公司值班站長,25505600#5102,,臺北市中正區羅斯福路2段164之1號B1
SA100-0021,台大醫院站,臺北市,中正區,黎明里,臺北市中正區公園路52號B1,捷運站體,Y,N,N,N,Y,Y,Y,N,全區,1044,4176,臺北捷運公司值班站長,25505600#4122,臺北捷運公司值班站長,25505600#4122,,臺北市中正區公園路52號B1
SA100-0022,臺北市市場處光華數位新天地商場地下停車場,臺北市,中正區,梅花里,臺北市中正區市民大道三段8號,市場/停車場,N,N,N,N,Y,Y,Y,N,全區,375,1500,市場處市場科蘇育正,02-2550-5220#2148,市場處市場科蘇育正,02-2550-5220#2148,,臺北市中正區市民大道三段8號
SA100-0023,西門站,臺北市,中正區,建國里,臺北市中正區寶慶路32之1號B1,捷運站體,Y,N,N,N,Y,Y,Y,N,全區,2974,11898,臺北捷運公司值班站長,25505600#6062,臺北捷運公司值班站長,25505600#6062,,臺北市中正區寶慶路32之1號B1
SA100-0024,臺北市忠義實驗國民小學,臺北市,中正區,忠勤里,臺北市中正區中華路二段307巷17號,學校,N,備用,N,N,N,Y,Y,N,忠勤里,50,200,黃顯欽,02-23038752#231,張家瑜,02-23038752#280,,臺北市中正區中華路二段307巷17號
SA100-0025,臺北市立圖書館王貫英紀念館,臺北市,中正區,頂東里,臺北市中正區汀州路二段265號,圖書館,N,N,N,N,Y,Y,Y,N,頂東里,256,1024,分館主任：姜民,02-23678734,分館主任：姜民,02-23678734,,臺北市中正區汀州路二段265號
SA100-0026,臺北市立圖書館城中分館,臺北市,中正區,幸市里,臺北市中正區濟南路二段46號3樓,圖書館,Y,N,N,N,Y,Y,Y,N,全區,30,120,分館主任：廖美宏,02-23938274,分館主任：廖美宏,02-23938274,,臺北市中正區濟南路二段46號3樓
SA103-0001,臺北市大同區延平國小,臺北市,大同區,國慶里,昌吉街97號,學校,Y,備用,N,N,Y,Y,Y,N,國順里、鄰江里、國慶里、隆和里、隆和里,88,352,劉郁芬,02-25942439#630,陳清義,02-25942439#666,,臺北市大同區國慶里昌吉街97號
SA103-0002,臺北市立重慶國民中學,臺北市,大同區,重慶里,敦煌路19號,學校,Y,備用,N,N,Y,Y,Y,N,重慶里、保安里、老師里,50,189,黃順盈,02-25948631#240,林淑君,02-25948631#210,,臺北市大同區重慶里敦煌路19號
SA103-0003,臺北市立忠孝國民中學,臺北市,大同區,玉泉里,西寧北路32號,學校,N,Y,N,N,Y,Y,Y,N,延平里、永樂里、玉泉里、朝陽里、大有里,131,525,江長山,02-25524890#71,郭姿秀,02-25524890#11,,臺北市大同區玉泉里西寧北路32號
SA103-0004,臺北市立建成國民中學,臺北市,大同區,建泰里,長安西路37之1號,學校,Y,Y,N,N,Y,Y,Y,N,建功里、建明里、建泰里、星明里,119,476,鄭惠文,02-25587042#650,潘姿伶,02-25587042#601,,臺北市大同區建泰里長安西路37之1號
SA103-0005,玉泉公園,臺北市,大同區,玉泉里,西寜北路28號,公園/綠地,N,Y,N,N,N,Y,N,Y,全區,1993,7972,謝榮倫,02-25850192,楊國瑜,02-25850192#201,,臺北市大同區玉泉里西寜北路28號
SA103-0006,臺北市大同運動中心,臺北市,大同區,蓬萊里,大龍街51號,體育場館/運動中心,Y,備用,N,N,Y,Y,Y,N,蓬萊里、斯文里、揚雅里、隆和里、民權里,300,1601.69,陳泓維,02-2592-0055#820,楊子豪,02-2570-2330#6458,,臺北市大同區蓬萊里大龍街51號
SA103-0007,臺北市大同區大同國民小學,臺北市,大同區,蓬萊里,大龍街51號,學校,Y,備用,N,N,Y,Y,Y,N,蓬萊里、斯文里、揚雅里,40,189,黃善美,02-25965407#351,許政智,02-25965407#358,,臺北市大同區蓬萊里大龍街51號
SA103-0008,臺北市大同區大橋國民小學,臺北市,大同區,隆和里,重慶北路三段2號,學校,N,備用,N,N,Y,Y,Y,N,景星里、隆和里,196,782,簡琡真,02-25944413#145,陳曉慧,02-25944413#101,,臺北市大同區隆和里重慶北路三段2號
SA103-0009,臺北市大同區大龍國民小學,臺北市,大同區,保安里,哈密街47號,學校,Y,備用,N,N,Y,Y,Y,N,老師里、重慶里、保安里、至聖里,208,833,許乃文,02-25942635#838,劉國兆,02-25942635#888,,臺北市大同區保安里哈密街47號
SA103-0010,臺北市大同區太平國民小學,臺北市,大同區,南芳里,延平北路二段239號,學校,N,備用,N,N,Y,Y,Y,N,延平里、朝陽里、南芳里、永樂里、玉泉里、建功里、建功里,123,728,江信億,02-25532229#830,陳智蕾,02-25532229#801,,臺北市大同區南芳里延平北路二段239號
SA103-0011,臺北市大同區日新國民小學,臺北市,大同區,星明里,太原路151號,學校,Y,備用,N,N,Y,Y,Y,N,建泰里、建明里、光能里、星明里、建功里,137,23468.19,王勝威,02-25584819#312,林裕勝,02-25584819#120,,臺北市大同區星明里太原路151號
SA103-0012,臺北市立民權國民中學,臺北市,大同區,隆和里,重慶北路三段1號,學校,N,備用,N,N,Y,Y,Y,N,景星里、蓬萊里、隆和里、南芳里、大有里、民權里、國順里,30,288,蔡孟谷,02-25931951#130,徐雅鐘,02-25931951#168,,臺北市大同區隆和里重慶北路三段1號
SA103-0013,臺北市大同區永樂國民小學,臺北市,大同區,南芳里,延平北路二段266號,學校,N,備用,N,N,Y,Y,Y,N,大有里、永樂里、南芳里、玉泉里,304,530,許芳瑜,02-25534882#402,林献原,02-25534882#401,,臺北市大同區南芳里延平北路二段266號
SA103-0014,臺北市立成淵高級中學,臺北市,大同區,民權里,承德路二段235號,學校,Y,備用,N,N,Y,Y,Y,N,光能里、雙連里、星明里、民權里,487,1946.45,黃鼎元,02-25531969#150,劉葳蕤,02-25531969#100,,臺北市大同區民權里承德路二段235號
SA103-0015,臺北市大同區明倫高級中學,臺北市,大同區,重慶里,承德路三段336號,學校,Y,備用,N,N,Y,Y,Y,N,重慶里、老師里,70,910,林銘宗,02-25961567#151,洪金英,02-25961567#101,,臺北市大同區重慶里承德路三段336號
SA103-0016,臺北市大同區蓬萊國民小學,臺北市,大同區,星明里,寧夏路35號,學校,Y,備用,N,N,Y,Y,Y,N,光能里、建功里、雙連里、星明里、朝陽里,104,1041.12,張沛森,02-25569835#500,尚漢鼎,02-25569835#660,,臺北市大同區星明里寧夏路35號
SA103-0017,臺北市大同區雙蓮國民小學,臺北市,大同區,民權里,錦西街51號,學校,Y,備用,N,N,Y,Y,Y,N,雙連里、民權里,300,1133,吳希哲,02-25570309#1031,張素花,02-25570309#1001,,臺北市大同區民權里錦西街51號
SA103-0018,臺北市立蘭州國民中學,臺北市,大同區,至聖里,大龍街187巷1號,學校,N,備用,N,N,Y,N,Y,N,至聖里、國慶里、國順里、斯文里、揚雅里、鄰江里、老師里、保安里,34,12000,簡聰敏,02-25918269#500,黃偉鵑,02-25918269#168,,臺北市大同區至聖里大龍街187巷1號
SA103-0019,大同251號綠地,臺北市,大同區,老師里,環河北路與敦煌路口三角綠地,公園/綠地,N,Y,N,N,N,N,N,Y,重慶、保安、至聖、鄰江、斯文、揚雅、國慶、國順、老師、蓬萊、隆和、景星里,152,608,張叡興,02-23329386,張叡興,02-23329386,公燈處:本場域已被高速公路及快速道路交流道切割，基地面積僅剩900平方公尺，另113年底停管處預計設置機車停車場，該地紅磚鋪面挖除與路面齊平，預計增設60-80停車位，建議選擇其他地點作為避難處所。教育局:建請安排大同區公所、消防局、民政局、社會局、工務局、臺大團隊現地會勘，倘確不妥適，則現場另行擇定適宜場地。,臺北市大同區老師里環河北路與敦煌路口三角綠地
SA103-0020,建成公園,臺北市,大同區,光能里,承德路二段35號旁,公園/綠地,Y,Y,N,N,N,Y,N,Y,南芳、民權、雙連、光能、星明、建明、建功、建泰、延平、朝陽、大有、永樂、玉泉里,923,10640,謝榮倫,02-25850192#222,楊國瑜,02-25850192#201,,臺北市大同區光能里承德路二段35號旁
SA103-0021,臺北市市場處大龍市場地下停車場,臺北市,大同區,重慶里,臺北市大同區重慶北路三段347號,市場/停車場,Y,N,N,N,Y,Y,Y,N,全區,2356,1035,市場處市場科林意潔,02-2550-5220#2146,市場處市場科林意潔,02-2550-5220#2146,,臺北市大同區重慶北路三段347號
SA103-0022,國慶區活動中心,臺北市,大同區,國慶里,臺北市大同區重慶北路3段76號4樓,活動中心,Y,N,N,N,Y,Y,Y,N,國慶里,58,423,林威成,02-25975323#604,林威成,02-25975323#604,,臺北市大同區重慶北路3段76號4樓
SA103-0023,臺北市立圖書館大同分館,臺北市,大同區,老師里,臺北市大同區重慶北路三段318號,圖書館,Y,N,N,N,Y,Y,Y,N,全區,138,552,分館主任：莊正德,02-25943236,分館主任：莊正德,02-25943236,,臺北市大同區重慶北路三段318號
SA103-0024,臺北市立圖書館延平分館,臺北市,大同區,延平里,臺北市大同區保安街47號,圖書館,Y,N,N,N,Y,Y,Y,N,全區,32,200,分館主任：蔡孟峰,02-25528534,分館主任：蔡孟峰,02-25528534,,臺北市大同區保安街47號
SA103-0025,臺北市立圖書館建成分館,臺北市,大同區,星明里,臺北市大同區民生西路198-20號4樓,圖書館,Y,N,N,N,Y,Y,Y,N,全區,38,630,分館主任：郭斌達,02-25582320,分館主任：郭斌達,02-25582320,建築物無電梯。,臺北市大同區民生西路198-20號4樓
SA103-0026,臺北轉運站,臺北市,大同區,建明里,臺北市大同區市民大道1段209號,捷運站體,Y,N,N,N,Y,Y,Y,N,全區,1125,4500,王旻敬,02-77335888#3269,張俊祥,02-77335888#3234,,臺北市大同區市民大道1段209號
SA104-0001,臺北市立新興國民中學,臺北市,中山區,聚葉里,林森北路511號,學校,Y,Y,N,N,Y,Y,Y,N,集英里、恆安里、新生里、新庄里、新福里、聚盛里、聚葉里、中庄里、康樂里、中山里、中原里、新喜里、晴光里、劍潭里,156,624,張庭芳,02-25714211#501,詹琦斌,02-25714211#101,,臺北市中山區聚葉里林森北路511號
SA104-0002,臺北市立五常國民中學,臺北市,中山區,下埤里,復興北路430巷1號,學校,Y,Y,Y,N,Y,Y,Y,N,下埤里、行政里、行孝里、行仁里,247,1023,黃奕綺,02-25014320#118,林竺諼,02-25014320#311,,臺北市中山區下埤里復興北路430巷1號
SA104-0003,臺北市中山區中山國民小學,臺北市,中山區,恆安里,民權東路一段69號,學校,Y,備用,N,N,Y,Y,Y,N,聚葉里、聚盛里、恆安里、晴光里、新庄里、新生里、新喜里、圓山里、新福里、劍潭里,216,864,謝慶順,02-25914085#8031,翁明達,02-25914085#8010,,臺北市中山區恆安里民權東路一段69號
SA104-0004,榮星花園公園,臺北市,中山區,行仁里,民權東路三段1號,公園/綠地,Y,Y,N,N,N,Y,N,Y,全區,3464,65192,謝榮倫,02-25850192#222,楊國瑜,02-25850192#201,,臺北市中山區行仁里民權東路三段1號
SA104-0005,臺北市中山區行政中心大禮堂,臺北市,中山區,行政里,松江路367號10樓,活動中心,Y,備用,N,N,N,Y,Y,N,大佳里、行政里、行仁里、行孝里,84,823.9,李家儀,02-25031369#618,李家儀,02-25031369#618,,臺北市中山區行政里松江路367號10樓
SA104-0006,臺北市中山運動中心,臺北市,中山區,民安里,中山北路二段44巷2號,體育場館/運動中心,N,備用,N,N,Y,N,Y,N,集英里、聚葉里、聚盛里、圓山里,184,1257.21,楊景棠,02-2581-1060#221,丁鳳儀,02-2570-2330#6467,,臺北市中山區民安里中山北路二段44巷2號
SA104-0007,新生公園棒球場,臺北市,中山區,新庄里,新生北路三段105號,體育場館/運動中心,N,備用,N,N,Y,N,N,Y,恆安里、晴光里、圓山里、新庄里、新喜里、新福里、大佳里,60,388.41,陳筱宜,02-25702330#6504,陳筱宜,02-25702330#6504,,臺北市中山區新庄里新生北路三段105號
SA104-0008,臺北市立大同高級中學,臺北市,中山區,中央里,長春路167號,學校,N,備用,N,N,Y,Y,Y,N,中吉里、中央里、朱馥里、松江里、復華里,300,1905,吳榮達,02-25054269#130,柯明樹,02-25054269#102,,臺北市中山區中央里長春路167號
SA104-0009,臺北市中山區大佳國民小學,臺北市,中山區,大佳里,濱江街107號,學校,Y,備用,N,N,Y,Y,Y,N,大佳里,30,120,張云生,02-25035816#170,林光媚,02-25035816#100,,臺北市中山區大佳里濱江街107號
SA104-0010,臺北市立大直高級中學,臺北市,中山區,劍潭里,北安路420號,學校,Y,備用,N,N,Y,Y,Y,N,劍潭里、大直里、大佳里、北安里、成功里、永安里、正得里,300,1800,陳為邦,02-25334017#141,林湧順,02-25334017#111,,臺北市中山區劍潭里北安路420號
SA104-0011,臺北市中山區大直國民小學,臺北市,中山區,大直里,大直街2號,學校,N,備用,N,N,Y,Y,Y,N,大直里、劍潭里、永安里,263,1554.41,鄭凱遙,02-25333953#35,林淑華,02-25333953#66,,臺北市中山區大直里大直街2號
SA104-0013,臺北市中山區中正國民小學,臺北市,中山區,力行里,龍江路62號,學校,N,備用,N,N,Y,Y,Y,N,朱崙里、力行里、朱園里、復華里,250,560,吳思穎,02-25070932#131,黃維瑜,02-25070932#100,,臺北市中山區力行里龍江路62號
SA104-0014,臺北市立五常國民小學,臺北市,中山區,下埤里,五常街16號,學校,Y,備用,N,N,Y,Y,Y,N,下埤里、行政里、行仁里、行孝里、江寧里、江山里,372,962,陳錦如,02-25023416#831,曹曉文,02-25023416#888,,臺北市中山區下埤里五常街16號
SA104-0015,臺北市中山區北安國民中學,臺北市,中山區,劍潭里,明水路325號,學校,Y,備用,N,N,Y,Y,Y,N,圓山里、劍潭里、正得里、大直里、大佳里、永安里、新喜里、晴光里,30,492.1,陳思穎,02-25333888#240,陳玫良,02-2533-3888#210,,臺北市中山區劍潭里明水路325號
SA104-0016,臺北市中山區永安國民小學,臺北市,中山區,永安里,明水路397巷19弄1號,學校,N,備用,N,N,Y,Y,Y,N,永安里、成功里、北安里,1653,6613.44,陳信鴻,02-25335672#230,張文壽,02-25335672#201,,臺北市中山區永安里明水路397巷19弄1號
SA104-0017,臺北市中山區吉林國民小學,臺北市,中山區,中原里,長春路116號,學校,Y,備用,N,N,Y,Y,Y,N,康樂里、中山里、中吉里、中原里、中庄里。,313,356,殷必蕙,02-25219196#850,郭瑞芬,02-25219196#888,,臺北市中山區中原里長春路116號
SA104-0018,臺北市中山區長安國民小學,臺北市,中山區,興亞里,吉林路15號,學校,Y,備用,N,N,Y,Y,Y,N,正守里、正義里、正得里、興亞里、朱園里、民安里、中吉里,600,810,余芊瑢,02-25617600#130,嚴淑珠,02-25617600#100,,臺北市中山區興亞里吉林路15號
SA104-0019,臺北市立長安國民中學,臺北市,中山區,興亞里,松江路70巷11號,學校,Y,備用,N,N,Y,Y,Y,N,力行里、朱崙里、朱園里、興亞里、正義里、正守里、中原里、埤頭里,41,234,張吉元,02-25112382#501,歐陽秀幸,02-25112382#101,,臺北市中山區興亞里松江路70巷11號
SA104-0020,臺北市中山區長春國民小學,臺北市,中山區,中央里,長春路165號,學校,N,備用,N,N,Y,N,Y,N,朱馥里、龍洲里、松江里、中央里、復華里、江山里、江寧里,47,635.55,賴冠今,02-25024366#151,李奕寬,02-25024366#101,,臺北市中山區中央里長春路165號
SA104-0021,臺北市中山區濱江國民小學,臺北市,中山區,金泰里,樂群二路266巷99號,學校,Y,備用,N,N,Y,Y,Y,N,金泰里、成功里,114,3750,吳士愷,02-85021571#1400,吳勝學,02-85021571#1000,,臺北市中山區金泰里樂群二路266巷99號
SA104-0022,臺北市濱江實驗國民中學,臺北市,中山區,金泰里,樂群二路262號,學校,Y,備用,N,N,Y,Y,Y,N,金泰里、北安里、成功里、永安里,100,5626,楊景良,02-85020126#401,陳昫姮,02-85020126#102,,臺北市中山區金泰里樂群二路262號
SA104-0023,臺北市中山區懷生國民小學,臺北市,中山區,埤頭里,安東街16巷2號,學校,Y,備用,N,N,Y,Y,Y,N,埤頭里,30,63,林采眉,02-27710846#801,黃淑茹,02-27710846#100,,臺北市中山區埤頭里安東街16巷2號
SA104-0025,下塔悠(公7)公園,臺北市,中山區,金泰里,"樂群一路旁,基隆河截彎取直範圍內",公園/綠地,N,Y,N,N,N,Y,N,Y,劍潭、大直、北安、永安、成功、金泰,2105,24249,謝榮倫,02-25850192#222,楊國瑜,02-25850192#201,,"臺北市中山區金泰里樂群一路旁,基隆河截彎取直範圍內"
SA104-0026,華山公園,臺北市,中山區,正得、正守里,市民大道二段,公園/綠地,N,Y,N,N,N,Y,N,Y,正守、正義、正得、民安、康樂、興亞,1271,14646,謝榮倫,02-25850192#222,楊國瑜,02-25850192#201,,臺北市中山區正得、正守里市民大道二段
SA104-0027,金泰(公8)公園,臺北市,中山區,金泰里,"樂群一路旁,基隆河截彎取直範圍內",公園/綠地,N,Y,N,N,N,Y,N,Y,劍潭、大直、北安、永安、成功、金泰,3500,14117,謝榮倫,02-25850192#222,楊國瑜,02-25850192#201,,"臺北市中山區金泰里樂群一路旁,基隆河截彎取直範圍內"
SA104-0028,明水公園,臺北市,中山區,永安里,北安路538巷1弄1號前,公園/綠地,N,Y,N,N,N,Y,N,Y,劍潭、大直、北安、永安、成功、金泰,868,10002,謝榮倫,02-25850192#222,楊國瑜,02-25850192#201,,臺北市中山區永安里北安路538巷1弄1號前
SA104-0041,中山地下街,臺北市,中山區,民安里,臺北市長安西路52-1號B1,捷運站體,Y,N,N,N,Y,Y,Y,N,全區,3674,11550,臺北捷運公司領班,2550-5600#3223,臺北捷運公司領班,2550-5600#3223,,臺北市中山區民安里臺北市長安西路52-1號B1
SA104-0042,臺北市立中山女子高級中學,臺北市,中山區,力行里,長安東路二段141號,學校,Y,備用,N,N,Y,Y,Y,N,朱園里、埤頭里、朱崙里、力行里、復華里,135,1325,黃冠瑋,02-25073148#500,張云棻,02-25073148#100,,臺北市中山區力行里長安東路二段141號
SA104-0043,臺北市市場處臺北市民族魚市,臺北市,中山區,行孝里,臺北市中山區民族東路410巷2弄18、20號,市場/停車場,Y,N,N,N,Y,Y,N,Y,全區,950,3837.57,市場處批發科袁應興,02-25505220#2212,漁產公司 鄭世維,02-2309-0412,,臺北市中山區民族東路410巷2弄18、20號
SA104-0044,松江南京站,臺北市,中山區,中吉里,臺北市中山區松江路126號B1,捷運站體,Y,N,N,N,Y,Y,Y,N,全區,1963,7852,臺北捷運公司值班站長,25505600#5172,臺北捷運公司值班站長,25505600#5172,,臺北市中山區松江路126號B1
SA104-0045,花博公園圓山園區,臺北市,中山區,圓山里,"玉門街1號.(玉泉街以東,中山北路以西,酒泉街以北)",公園/綠地,Y,Y,N,N,N,Y,N,Y,圓山、新庄、晴光、恆安、集英、聚葉、聚盛、中山,13517,155762,謝榮倫,02-25850192#222,楊國瑜,02-25850192#201,,"臺北市中山區圓山里玉門街1號.(玉泉街以東,中山北路以西,酒泉街以北)"
SA104-0046,臺北市市場處長春市場地下停車場,臺北市,中山區,龍洲里,臺北市中山區長春路299號1樓,市場/停車場,N,N,N,N,Y,Y,Y,N,全區,200,800,市場處市場科黃聖琳,02-2550-5220#2111,市場處市場科黃聖琳,02-2550-5220#2111,,臺北市中山區長春路299號1樓
SA104-0047,臺北市立美術館,臺北市,中山區,圓山里,臺北市中山區中山北路181號,藝術中心,N,N,N,N,Y,Y,Y,Y,圓山里,366,1465.34,洪晧源約僱技士,02-25957656#514,洪晧源約僱技士,02-25957656#514,,臺北市中山區中山北路181號
SA104-0048,臺北市立圖書館大直分館,臺北市,中山區,大直里,臺北市中山區大直街25號3-5樓,圖書館,N,N,N,N,Y,Y,Y,N,大直里,180,893,分館主任：林盈潔,02-25336535,分館主任：林盈潔,02-25336535,,臺北市中山區大直街25號3-5樓
SA104-0049,臺北市立圖書館中山分館,臺北市,中山區,行政里,臺北市中山區松江路367號8樓,圖書館,Y,N,N,N,Y,Y,Y,N,全區,46,188,分館主任：高庭萱,02-25026442,分館主任：高庭萱,02-25026442,,臺北市中山區松江路367號8樓
SA104-0050,臺北市立圖書館長安分館,臺北市,中山區,民安里,臺北市中山區長安西路3號4樓,圖書館,N,N,N,N,Y,Y,Y,N,全區,49,345,分館主任：郭斌達,02-25625540,分館主任：郭斌達,02-25625540,,臺北市中山區長安西路3號4樓
SA104-0051,臺北市市場處臺北市第二果菜市場,臺北市,中山區,行孝里,臺北市中山區民族東路336號,市場/停車場,Y,N,N,N,Y,Y,Y,N,全區,5063,20568,市場處批發科陳靖芯,02-2550-5220#2208,農產公司 楊鎮浯,02-2516-0028,,臺北市中山區民族東路336號
SA105-0001,臺北市立民生國民中學,臺北市,松山區,新東里,新東街30巷1號,學校,Y,Y,N,N,Y,Y,Y,N,三民里、莊敬里、富錦里、富泰里、新東里、新益里,161,644,陳梅芬,02-27653433#300,高敏慧,02-27653433#111,活動中心3樓,臺北市松山區新東里新東街30巷1號
SA105-0002,臺北市松山區三民國民小學,臺北市,松山區,莊敬里,民權東路五段1號,學校,Y,Y,N,N,Y,Y,Y,N,莊敬里、新益里、富錦里、新東里,140,558.6,官聖政,02-27646080#231,羅永治,02-27646080#299,,臺北市松山區莊敬里民權東路五段1號
SA105-0003,臺北市立敦化國民中學,臺北市,松山區,中正里,南京東路三段300號,學校,Y,備用,N,N,Y,Y,Y,N,中華里、中正里、中崙里、吉仁里、美仁里、福成里、敦化里、復源里、松基里、復建里,253,1012,鄭忠興,02-87717890#250,周婉琦,02-87717890#611,活動中心4樓,臺北市松山區中正里南京東路三段300號
SA105-0004,臺北市松山區民生國民小學,臺北市,松山區,中華里,敦化北路199巷18號,學校,Y,備用,N,N,Y,Y,Y,N,龍田里、東勢里、東昌里、中華里、介壽里、精忠里,126,504,苗振華,02-27122452#830,楊玲珠,02-27122452#880,,臺北市松山區中華里敦化北路199巷18號
SA105-0005,民權公園,臺北市,松山區,東榮里,民權東路四段、民權國小附近,公園/綠地,Y,Y,N,N,N,Y,N,Y,全區,2465,27458,謝榮倫,02-25850192#222,楊國瑜,02-25850192#201,,臺北市松山區東榮里民權東路四段、民權國小附近
SA105-0006,臺北市松山運動中心,臺北市,松山區,中正里,敦化北路1號,體育場館/運動中心,Y,備用,N,N,Y,N,Y,N,美仁里、中正里、中華里、敦化里,180,1797,賴威志,02-6617-6789#218,楊孔仁,02-2570-2330#6429,,臺北市松山區中正里敦化北路1號
SA105-0007,臺北田徑場,臺北市,松山區,中正里,敦化北路3號,體育場館/運動中心,Y,備用,N,N,Y,N,N,Y,美仁里、中正里、中華里、敦化里、東勢里,440,1760,黄建涵,02-25702330#6541,黄建涵,02-25702330#6541,,臺北市松山區中正里敦化北路3號
SA105-0008,臺北體育館,臺北市,松山區,中正里,南京東路四段10號,體育場館/運動中心,Y,備用,N,N,Y,N,Y,N,美仁里、中正里、中華里、敦化里、復建里、東勢里、復勢里,1000,4000,李坊勻,02-25702330#6552,李坊勻,02-25702330#6552,,臺北市松山區中正里南京東路四段10號
SA105-0009,臺北市立中山國民中學,臺北市,松山區,民有里,復興北路361巷7號,學校,Y,備用,N,N,Y,Y,Y,N,民有里、松基里、民福里,278,1110,蔡戊己,02-27126701#501,吳明峰,02-27126701#101,,臺北市松山區民有里復興北路361巷7號
SA105-0010,臺北市立中崙高級中學,臺北市,松山區,吉祥里,八德路四段101號,學校,Y,備用,N,N,Y,Y,Y,N,復建里、復勢里、東光里、吉祥里、新聚里、復盛里,300,1219.7,林雨潔,02-27535316#400,吳銘祥,02-27535316#100,,臺北市松山區吉祥里八德路四段101號
SA105-0036,臺北市立圖書館民生分館,臺北市,松山區,精忠里,臺北市松山區敦化北路199巷5號4、5樓,圖書館,Y,N,N,N,Y,Y,Y,N,全區,50,200,分館主任：林君諭,02-27138083,分館主任：林君諭,02-27138083,,臺北市松山區敦化北路199巷5號4、5樓
SA105-1011,臺北市立介壽國民中學,臺北市,松山區,介壽里,延壽街401號,學校,Y,備用,N,N,Y,Y,Y,N,介壽里、東榮里、東昌里、東勢里、龍田里、精忠里、復勢里、中華里,144,576,賴佳虹,02-27664496#500,陳建廷,02-27664496#288,,臺北市松山區介壽里延壽街401號
SA105-1012,臺北市松山區民族國民小學,臺北市,松山區,精忠里,民生東路四段97巷7號,學校,Y,備用,N,N,Y,Y,Y,N,精忠里、民有里、松基里、民福里,40,116,黃國榮,02-27124872#935,吳政哲,02-27124872#910,,臺北市松山區精忠里民生東路四段97巷7號
SA105-1013,臺北市立西松高級中學,臺北市,松山區,鵬程里,臺北市松山區健康路325巷7號,學校,N,備用,N,N,Y,Y,Y,N,安平里、自強里、鵬程里、東光里、吉祥里、新聚里、復盛里,300,1222,施柏豪,02-25286618#111,陳雅萍,02-25286618#101,活動中心2樓,臺北市松山區健康路325巷7號
SA105-1014,臺北市松山區西松國民小學,臺北市,松山區,東光里,三民路5號,學校,N,備用,N,N,Y,Y,Y,N,新聚里、安平里、吉祥里、東光里、復盛里、鵬程里,47,187.52,吳崇西,02-27609221#500,胡慧宜,02-27609221#100,,臺北市松山區東光里三民路5號
SA105-1015,臺北市松山區松山國民小學,臺北市,松山區,慈祐里,八德路四段746號,學校,N,備用,N,N,Y,Y,Y,N,慈祐里、新東里,95,1289.54,江欣穎,02-27672907#630,陳冠英,02-27672907#601,活動中心2樓,臺北市松山區慈祐里八德路四段746號
SA105-1016,臺北市松山區健康國民小學,臺北市,松山區,自強里,延壽街168號,學校,N,備用,N,N,Y,Y,Y,N,自強里、三民里、富泰里、鵬程里、介壽里、龍田里,150,594,江艾謙,02-25282814#131,張禎娟,02-25282814#100,,臺北市松山區自強里延壽街168號
SA105-1017,敦化國小,臺北市,松山區,中正里,敦化北路2號,學校,Y,備用,N,N,Y,Y,Y,N,美仁里、吉仁里、中崙里、敦化里、福成里、復源里、復建里、復勢里、中正里、松基里、中華里,56,900,駱奕穎,02-27414065#130,劉建男,02-27414065#160,活動中心3樓,臺北市松山區中正里敦化北路2號
SA105-1018,臺北市松山區民權國民小學,臺北市,松山區,三民里,民權東路四段200號,學校,Y,Y,N,N,Y,Y,Y,N,東榮里、三民里、富泰里、富錦里、新東里,80,588,劉昶讓,02-27652327#650,李承華,02-27652327#688,活動中心4樓,臺北市松山區三民里民權東路四段200號
SA105-1019,中正區民活動中心,臺北市,松山區,中正里,臺北市松山區長安東路2段229號11樓,活動中心,Y,N,N,N,Y,Y,Y,N,中華里、美仁里、中崙里、福成里、松基里,112,449.59,張元儒,02-87878787#815,張元儒,02-87878787#815,,臺北市松山區長安東路2段229號11樓
SA105-1020,民有區民活動中心,臺北市,松山區,民有里,臺北市松山區民權東路三段140巷15號4、5樓,活動中心,Y,N,N,N,Y,Y,Y,N,精忠里、松基里、民福里,196,955.38,張元儒,02-87878787#815,張元儒,02-87878787#815,4樓禮堂124人；5樓自習室72人。,臺北市松山區民權東路三段140巷15號4、5樓
SA105-1021,自強區民活動中心,臺北市,松山區,自強里,臺北市松山區三民路35巷9號,活動中心,N,N,N,N,Y,Y,Y,N,鵬程里、龍田里、安平里、東光里、富泰里、三民里,68,307.44,張元儒,02-87878787#815,張元儒,02-87878787#815,,臺北市松山區三民路35巷9號
SA105-1022,慈祐區民活動中心,臺北市,松山區,慈祐里,臺北市松山區八德路4段568號,活動中心,N,N,N,N,Y,Y,Y,N,新聚里、新東里,55,218.18,張元儒,02-87878787#815,張元儒,02-87878787#815,,臺北市松山區八德路4段568號
SA105-1023,鵬程區民活動中心,臺北市,松山區,鵬程里,臺北市松山區健康路399號3樓,活動中心,N,備用,N,N,Y,Y,Y,N,新東里、自強里、安平里、富泰里,161,647.94,張元儒,02-87878787#815,張元儒,02-87878787#815,111年完成大樓耐震補強工程施作。,臺北市松山區健康路399號3樓
SA105-1024,南京復興站,臺北市,松山區,中正里,臺北市松山區南京東路3段253號,捷運站體,Y,N,N,N,Y,Y,Y,N,全區,1270,5083,臺北捷運公司值班站長,25505600#5182,臺北捷運公司值班站長,25505600#5182,,臺北市松山區南京東路3段253號
SA105-1025,臺北市市場處嘟嘟房敦北頂好站停車場,臺北市,松山區,精忠里,臺北市松山區敦化北路199巷5號地下1樓,市場/停車場,Y,N,N,N,Y,Y,Y,N,全區,253,1014.96,市場處輔導科蔡如茵,02-2550-5220#5006,市場處輔導科蔡如茵,02-2550-5220#5006,民生超市,臺北市松山區敦化北路199巷5號地下1樓
SA105-1026,臺北市立圖書館三民分館,臺北市,松山區,三民里,臺北市松山區民生東路五段163-1號5、6樓,圖書館,Y,N,N,N,Y,Y,Y,N,全區,70,280,分館主任：黃采瑜,02-27600408,分館主任：黃采瑜,02-27600408,,臺北市松山區民生東路五段163-1號5、6樓
SA105-1027,臺北市立圖書館中崙分館,臺北市,松山區,中正里,臺北市松山區長安東路二段229號7-10樓,圖書館,Y,N,N,N,Y,Y,Y,N,全區,37,148,分館主任：許淑莉,02-87736858,分館主任：許淑莉,02-87736858,,臺北市松山區長安東路二段229號7-10樓
SA105-1029,臺北市立圖書館松山分館(暫停用),臺北市,松山區,慈祐里,臺北市松山區八德路四段688號5-8樓,圖書館,N,N,N,N,Y,Y,Y,N,全區,俟搬遷後重新評估,俟搬遷後重新評估,分館主任：林佳穎,02-27531875,分館主任：林佳穎,02-27531875,圖書館:1.可收容人數不足30人，另即將安排建物拆除，建議撤除。2.尚待市府規劃後續搬遷位置。本府回復:同意貴分館暫時解除任務，俟規劃搬遷位置後回任收容所任務,臺北市松山區八德路四段688號5-8樓
SA105-1030,臺北市立圖書館啟明分館,臺北市,松山區,中華里,臺北市松山區敦化北路155巷76號,圖書館,Y,N,N,N,Y,Y,Y,N,全區,100,500,分館主任：陳建德,02-25148443,分館主任：陳建德,02-25148443,,臺北市松山區敦化北路155巷76號
SA105-1031,臺北市市場處龍城市場地下停車場,臺北市,松山區,龍田里,臺北市松山區光復北路190巷39號,市場/停車場,N,N,N,N,Y,Y,Y,N,全區,879,3517.24,市場處市場科許舜傑,02-25505220#2117,市場處市場科許舜傑,02-25505220#2117,,臺北市松山區光復北路190巷39號
SA105-1032,民生公園,臺北市,松山區,介壽里,民生東路五段36巷4弄與8弄間.,公園/綠地,Y,Y,N,N,N,Y,N,Y,全區,1554,26250,謝榮倫,02-25850192#222,楊國瑜,02-25850192#201,,臺北市松山區介壽里民生東路五段36巷4弄與8弄間.
SA106-0001,臺北市民族實驗國中,臺北市,大安區,學府里,羅斯福路四段113巷13號,學校,N,備用,N,N,Y,Y,Y,N,古風里、古莊里、龍泉里、學府里、大學里、龍淵里、龍坡里、黎和里,139,558,魏秀恬,02-27322935#231,洪錫璿,02-27322935#201,,臺北市大安區學府里羅斯福路四段113巷13號
SA106-0002,臺北市大安區大安國民小學,臺北市,大安區,芳和里,臥龍街129號,學校,Y,備用,N,N,Y,Y,Y,N,黎和里、黎孝里、黎元里、芳和里、臥龍里、虎嘯里、臥龍里、臥龍里、學府里、黎和里,152,608,劉正山,02-27322332#831,連世驊,02-27322332#899,,臺北市大安區芳和里臥龍街129號
SA106-0003,臺北市立龍門國民中學,臺北市,大安區,龍門里,建國南路二段269號,學校,Y,Y,N,N,Y,Y,Y,N,龍門里、龍坡里、龍生里、新龍里、大學里、臥龍里、龍淵里、龍泉里,319,1277,江孟純,02-27330299#1411,洪國峰,02-27330299#1101,,臺北市大安區龍門里建國南路二段269號
SA106-0004,臺北市大安區幸安國民小學,臺北市,大安區,民炤里,仁愛路3段22號,學校,Y,Y,N,N,Y,Y,Y,N,民炤里、和安里、民輝里、龍圖里,183,733,許佳琪,02-27074191#3300,曾振富,02-27074191#3000,,臺北市大安區民炤里仁愛路3段22號
SA106-0005,大安森林公園,臺北市,大安區,龍門里,台北市大安區新生南路二段1號,公園/綠地,Y,Y,N,N,N,Y,N,Y,全區,37949,259354,陳煌耀,02-23032451,陳煌耀,02-23032451,,台北市大安區新生南路二段1號
SA106-0006,臺北市大安運動中心,臺北市,大安區,臥龍里,辛亥路三段55號,體育場館/運動中心,Y,備用,N,N,Y,N,Y,N,龍淵、臥龍里,389,2789,蕭幼麟,02-2377-0300#168,林欣儀,02-2570-2330#6424,,臺北市大安區臥龍里辛亥路三段55號
SA106-0007,臺北市立大安高級工業職業學校,臺北市,大安區,龍圖里,復興南路2段52號,學校,Y,備用,N,N,Y,Y,Y,N,龍圖、仁慈、住安里,100,2035.38,詹宓錫,02-27091630#1401,楊益强,02-27091630#1001,,臺北市大安區龍圖里復興南路2段52號
SA106-0008,臺北市立大安國民中學,臺北市,大安區,龍雲里,臺北市大安區大安路二段63號,學校,N,備用,N,N,Y,Y,Y,N,住安里、義安里、通化里、群英里、群賢里、龍陣里、龍雲里、龍圖里、全安里、臨江里、法治里、龍生里,100,776,林佑忠,02-27557131#103  ,蔣佳良,02-27557131#168,,臺北市大安區大安路二段63號
SA106-0009,臺北市大安區仁愛國民小學,臺北市,大安區,敦安里,安和路一段60號,學校,N,備用,N,N,Y,Y,Y,N,光武里、建安里、建倫里、敦煌里、敦安里、通化里、通安里、德安里、仁慈里、義安里、仁愛里、光信里、車層里、通安里,350,490,周本師,02-27095010#401,林其賢,02-27095010#101,,臺北市大安區敦安里安和路一段60號
SA106-0010,臺北市立仁愛國民中學,臺北市,大安區,敦安里,仁愛路四段130號,學校,N,備用,N,N,Y,Y,Y,N,建安里、敦安里、德安里、敦煌里、建倫里、光信里、車層里、仁愛里、通安里、正聲里、華聲里、仁愛里、光武里,125,900,朱美銀,02-23255823#1168,周婉玲,02-23255823#1101,,臺北市大安區敦安里仁愛路四段130號
SA106-0011,臺北市大安區公館國民小學,臺北市,大安區,學府里,基隆路四段41巷68弄2號,學校,N,備用,N,N,Y,Y,Y,N,學府里、學府里、龍淵里,50,108,章宏智,02-27351734#230,廖傑隆,02-27351734#200,,臺北市大安區學府里基隆路四段41巷68弄2號
SA106-0012,臺北市大安區古亭國民小學,臺北市,大安區,古風里,羅斯福路三段201號,學校,N,備用,N,N,Y,Y,Y,N,古風里、古莊里、大學里、龍泉里,200,840,蔡逸珮,02-23639795#831,邢小萍,02-23639795#888,,臺北市大安區古風里羅斯福路三段201號
SA106-0013,臺北市立和平高級中學,臺北市,大安區,芳和里,臥龍街100號,學校,Y,備用,N,N,Y,Y,Y,N,虎嘯里、臥龍里、芳和里、全安里、法治里、臨江里、龍淵里,300,2360,施振裕,27324300#150,温宥基,27324300#101,,臺北市大安區芳和里臥龍街100號
SA106-0014,臺北市芳和實驗中學,臺北市,大安區,芳和里,臥龍街170號,學校,N,備用,N,N,Y,Y,Y,N,黎和里、黎孝里、黎元里、芳和里、學府里,50,150,黃清勇,02-27321961#501,黃琬茹,02-27321961#101,,臺北市大安區芳和里臥龍街170號
SA106-0015,臺北市大安區金華國民小學,臺北市,大安區,永康里,愛國東路79巷11號,學校,N,備用,N,N,Y,Y,Y,N,光明里、永康里、錦泰里、錦華里、錦安里、龍安里、福住里,84,710,張寬讚,02-23917402#830,鄭盛元,02-23917402#800,,臺北市大安區永康里愛國東路79巷11號
SA106-0016,臺北市立金華國民中學,臺北市,大安區,福住里,新生南路二段32號,學校,N,備用,N,N,Y,Y,Y,N,永康里、福住里、龍安里、錦安里、龍圖里、民炤里、龍坡里、龍泉里、古風里、古莊里、龍淵里、新龍里、龍生里,300,1433,許珮甄,02-33931799#501,黃啟清,02-33931799#101,,臺北市大安區福住里新生南路二段32號
SA106-0017,臺北市大安區建安國民小學,臺北市,大安區,龍雲里,大安路二段99號,學校,N,備用,N,N,Y,Y,Y,N,群英里、群賢里、全安里、法治里、龍陣里、龍雲里、住安里、義安里、治里、新龍里、龍圖里、臥龍里,30,150,賈維嫆,02-27077119#821,蕭如君,02-27077119#820,,臺北市大安區龍雲里大安路二段99號
SA106-0018,臺北市大安區新生國民小學,臺北市,大安區,龍安里,新生南路二段36號,學校,Y,備用,N,N,Y,Y,Y,N,福住里、錦安里、龍安里,414,912.6,魏雅彤,02-23913122#231,李雪鳳,02-23913122#201,,臺北市大安區龍安里新生南路二段36號
SA106-0019,臺北市大安區銘傳國民小學,臺北市,大安區,學府里,羅斯褔路四段21號,學校,N,備用,N,N,Y,Y,Y,N,學府里,161,760,吳家蓁,02-23639815#16,卓家意,02-23639815#10,,臺北市大安區學府里羅斯褔路四段21號
SA106-0020,台北市大安區龍安國民小學,臺北市,大安區,龍門里,新生南路三段33號,學校,Y,備用,N,N,Y,Y,Y,N,龍坡里、大學里、龍生里、龍門里、龍泉里、古莊里、龍安里、新龍里、臥龍里,31,251,張芳旗,02-23632077#730,鄭福來,02-23632077#766,,臺北市大安區龍門里新生南路三段33號
SA106-0021,臺北市立懷生國民中學,臺北市,大安區,義村里,忠孝東路三段248巷30號,學校,Y,備用,N,N,Y,Y,Y,N,誠安里、民輝里、昌隆里、義村里、民炤里、正聲里、華聲里、仁愛里、光武里,167,870,徐蓓貞,02-27215078#330,陳政翊,02-27215078#888,,臺北市大安區義村里忠孝東路三段248巷30號
SA106-0022,大安站,臺北市,大安區,龍圖里,臺北市大安區信義路3段180號B1,捷運站體,Y,N,N,N,Y,Y,Y,N,全區,969,3876,臺北捷運公司值班站長,25505600#4082,臺北捷運公司值班站長,25505600#4082,,臺北市大安區信義路3段180號B1
SA106-0023,臺北市市場處安東市場地下停車場,臺北市,大安區,龍陣里,臺北市大安區瑞安街75號,市場/停車場,N,N,N,N,Y,Y,Y,N,全區,386,1545.81,市場處市場科孟科廷,02-2550-5220#2114,市場處市場科孟科廷,02-2550-5220#2114,,臺北市大安區瑞安街75號
SA106-0024,忠孝復興站,臺北市,大安區,光武里,臺北市大安區忠孝東路4段47號,捷運站體,Y,N,N,N,Y,Y,Y,N,全區,1420,5682,臺北捷運公司值班站長,25505600#6102,臺北捷運公司值班站長,25505600#6102,,臺北市大安區忠孝東路4段47號
SA106-0025,忠孝新生站,臺北市,大安區,民輝里,臺北市大安區新生南路1段67號,捷運站體,Y,N,N,N,Y,Y,Y,N,全區,2803,11212,臺北捷運公司值班站長,25505600#6092,臺北捷運公司值班站長,25505600#6092,,臺北市大安區新生南路1段67號
SA106-0026,東門站,臺北市,大安區,永康里,臺北市大安區信義路2段166號B1,捷運站體,Y,N,N,N,Y,Y,Y,N,全區,1327,5307,臺北捷運公司值班站長,25505600#7142,臺北捷運公司值班站長,25505600#7142,,臺北市大安區信義路2段166號B1
SA106-0027,東區地下街,臺北市,大安區,光武里,臺北市大安路一段77號B1,捷運站體,Y,N,N,N,Y,Y,Y,N,全區,2625,13850,臺北捷運公司領班,2550-5600#3204,臺北捷運公司領班,2550-5600#3204,,臺北市大安區光武里臺北市大安路一段77號B1
SA106-0028,臺北市市場處嘟嘟房大安全聯站停車場,臺北市,大安區,車層里,臺北市大安區市民大道4段190號地下一樓,市場/停車場,N,N,N,N,Y,Y,Y,N,全區,237,948.3,市場處輔導科葉綺文,02-2550-5220#5020,市場處輔導科葉綺文,02-2550-5220#5020,延吉超市,臺北市大安區市民大道4段190號地下一樓
SA106-0029,臺北市市場處榮帝科技全聯大安北師店停車場,臺北市,大安區,富民里,台北市大安區和平東路2段311巷29號地下1樓,市場/停車場,N,N,N,N,Y,Y,Y,N,全區,76,306.54,市場處輔導科紀金村,02-2550-5220#5010,市場處輔導科紀金村,02-2550-5220#5010,成功超市,台北市大安區和平東路2段311巷29號地下1樓
SA106-0030,臺北市立圖書館道藩分館,臺北市,大安區,臥龍里,臺北市大安區辛亥路三段11號3樓,圖書館,Y,N,N,N,Y,Y,Y,N,全區,32,1177.91,分館主任：許韻如,02-27334031,分館主任：許韻如,02-27334031,,臺北市大安區辛亥路三段11號3樓
SA106-0031,臺北市立圖書館總館,臺北市,大安區,新龍里,臺北市大安區建國南路二段125號,圖書館,N,N,N,N,Y,Y,Y,N,全區,70,280,秘書室主任：徐琬琳,02-27552823,秘書室主任：徐琬琳,02-27552823,,臺北市大安區建國南路二段125號
SA106-0032,臺北市市場處錦安市場地下停車場,臺北市,大安區,錦安里,臺北市大安區永康街60號,市場/停車場,Y,N,N,N,Y,Y,Y,N,全區,138,453.52,市場處市場科張泓皓,02-2550-5220#2139,市場處市場科張泓皓,02-2550-5220#2139,,臺北市大安區永康街60號
SA108-0001,臺北市立龍山國民中學,臺北市,萬華區,富福里,南寧路46號,學校,Y,備用,N,N,Y,Y,Y,N,仁德里、西門里、新起里、福音里、富福里、富民里、菜園里、青山里,265,1060,楊炳煌,02-23362789#500,江幸真,02-23362789#100,,臺北市萬華區富福里南寧路46號
SA108-0002,臺北市萬華區雙園國民小學,臺北市,萬華區,雙園里,莒光路315號,學校,Y,備用,N,N,Y,Y,Y,N,雙園里、頂碩里,123,810,李映綺,02-23061893#131,陳顯榮,02-23061893#220,,臺北市萬華區雙園里莒光路315號
SA108-0003,臺北市萬華區新和國民小學,臺北市,萬華區,新安里,西藏路125巷31號,學校,N,Y,N,N,N,Y,Y,N,新忠里、日祥里、新安里、新和里、忠貞里、凌霄里、騰雲里,79,600,黎紹誠,02-23038298#1401,陳弘偉,02-23038298#1100,,臺北市萬華區新安里西藏路125巷31號
SA108-0004,青年公園,臺北市,萬華區,騰雲里,水源路199號,公園/綠地,Y,Y,N,N,N,Y,N,Y,全區,31449,246958,陳煌耀,02-23032451,陳煌耀,02-23032451,,臺北市萬華區騰雲里水源路199號
SA108-0005,臺北市萬華運動中心,臺北市,萬華區,福星里,西寧南路6之1號,體育場館/運動中心,N,備用,N,N,Y,N,Y,N,福星里、萬壽里、西門里,226,8584,賴威志,02-23759900#608,顏凡涵,02-2570-2330#6428,,臺北市萬華區福星里西寧南路6之1號
SA108-0006,青年公園棒球場,臺北市,萬華區,騰雲里,台北市萬華區水源路199號,體育場館/運動中心,Y,備用,N,N,N,N,N,Y,全區,60,200.82,李仲涵,(02)25702330,李仲涵,(02)25702330,,台北市萬華區水源路199號
SA108-0007,臺北市立大理高級中學,臺北市,萬華區,綠堤里,長順街２號,學校,Y,備用,N,N,Y,Y,Y,N,柳鄉里、華江里、綠堤里、糖廍里、菜園里、青山里,300,1820,徐淑玲,02-23026959#142,楊廣銓,02-23026959#111,,臺北市萬華區綠堤里長順街２號
SA108-0008,臺北市萬華區大理國民小學,臺北市,萬華區,綠堤里,艋舺大道389號,學校,Y,備用,N,N,Y,N,Y,N,糖部里、綠堤里、和德里、和平里,80,200,曾韻靜,02-23064311#1400,楊聖哲,02-23064311#1100,,臺北市萬華區綠堤里艋舺大道389號
SA108-0009,臺北市萬華區老松國民小學,臺北市,萬華區,福音里,桂林路64號,學校,Y,備用,N,N,Y,Y,Y,N,福音里、仁德里、菜園里、新起里、富民里、富福里,231,924,周明毅,02-23361266#130,黎季昊,02-23361266#100,,臺北市萬華區福音里桂林路64號
SA108-0010,臺北市萬華區西門國民小學,臺北市,萬華區,西門里,成都路98號,學校,Y,備用,N,N,Y,Y,Y,N,西門里、萬壽里、菜園里、新起里,149,688,古文勝,02-23113519#1131,陳治遠,02-23113519#1202,,臺北市萬華區西門里成都路98號
SA108-0011,臺北市萬華區西園國民小學,臺北市,萬華區,日善里,東園街73巷65號,學校,Y,備用,N,N,Y,Y,Y,N,日善里、忠德里、錦德里、孝德里、全德里,203,812,蔡文欽,02-23030257#125,張勝順,02-23030257#666,,臺北市萬華區日善里東園街73巷65號
SA108-0012,臺北市立華江高級中學,臺北市,萬華區,日善里,西藏路213號,學校,Y,備用,N,N,Y,Y,Y,N,日善里、忠德里,300,1824,張瑋哲,02-23019946#141,張鳴鳳,02-23019946#101,,臺北市萬華區日善里西藏路213號
SA108-0013,臺北市萬華區華江國民小學,臺北市,萬華區,華江里,環河南路二段250巷42弄2號,學校,Y,備用,N,N,Y,Y,Y,N,華江里,107,1063.25,莊琬婷,02-23064352#130,紀力仁,02-23064352#100,,臺北市萬華區華江里環河南路二段250巷42弄2號
SA108-0014,臺北市萬華區萬大國民小學,臺北市,萬華區,全德里,萬大路346號,學校,Y,備用,N,N,Y,Y,Y,N,壽德里、興德里、全德里、忠貞里、日祥里、騰雲里、凌雲里,60,660,朱玫勳,02-23037654#312,吳建億,02-23037654#168,,臺北市萬華區全德里萬大路346號
SA108-0015,臺北市立萬華國民中學,臺北市,萬華區,日善里,西藏路201號,學校,Y,備用,N,N,Y,Y,Y,N,壽德里、忠德里、保德里、興德里、日善里、全德里、頂碩里、新忠里、新安里、忠貞里、日祥里、雙園里、新和里、日祥里、華中里,50,1350,陳靜茹,02-23394567#130,洪志成,02-23394567#168,,臺北市萬華區日善里西藏路201號
SA108-0016,臺北市萬華區福星國民小學,臺北市,萬華區,福星里,中華路一段66號,學校,N,備用,N,N,Y,Y,Y,N,福星里、萬壽里,50,500,王曉音,02-23144668#131,黃耀農,02-23144668#888,,臺北市萬華區福星里中華路一段66號
SA108-0017,臺北市萬華區龍山國民小學,臺北市,萬華區,青山里,和平西路三段235號,學校,Y,備用,N,N,Y,Y,Y,N,青山里、柳鄉里、菜園里、富福里、糖部里,150,941,蘇乙峰,02-23082977#730,陳培章,02-23082977#700,,臺北市萬華區青山里和平西路三段235號
SA108-0018,臺北市立雙園國民中學,臺北市,萬華區,和德里,興義街二號,學校,N,備用,N,N,Y,Y,Y,N,孝德里、銘德里、和德里、錦德里、和平里、榮德里、華中里、頂碩里、新忠里、新安里、忠貞里、雙園里、新和里，日祥里,210,840,章譽鐘,02-23030827#140,白玉鈴,02-23030827#101,,臺北市萬華區和德里興義街二號
SA108-0019,臺北市市場處臺北市家禽批發市場,臺北市,萬華區,華江里,臺北市萬華區環河南路二段338號,市場/停車場,Y,N,N,N,Y,Y,Y,N,全區,1528,6115.41,市場處批發科陳瑞濱,02-2550-5220#2214,畜產公司 廖榮清,02-2305-5115#21,,臺北市萬華區環河南路二段338號
SA108-0020,西門地下街,臺北市,萬華區,光復里,臺北市中華路一段51-1號B1,捷運站體,N,N,N,N,Y,Y,Y,N,全區,770,3080,臺北捷運公司值班站長,25505600#6062,臺北捷運公司值班站長,25505600#6062,,臺北市萬華區光復里臺北市中華路一段51-1號B1
SA108-0021,臺北市市場處西寧市場地下停車場,臺北市,萬華區,福星里,臺北市萬華區西寧南路4號B1,市場/停車場,N,N,N,N,Y,Y,Y,N,全區,505,9216,市場處市場科范佳揚,02-25505220#2138,市場處市場科范佳揚,02-25505220#2138,,臺北市萬華區西寧南路4號B1
SA108-0022,臺北市立圖書館西園分館,臺北市,萬華區,頂碩里,臺北市萬華區興寧街6號3-6樓,圖書館,Y,N,N,N,Y,Y,Y,N,全區,40,322,分館主任：林國慶,02-23069046,分館主任：林國慶,02-23069046,,臺北市萬華區興寧街6號3-6樓
SA108-0023,臺北市立圖書館萬華分館,臺北市,萬華區,日善里,臺北市萬華區東園街19號5-7樓,圖書館,Y,N,N,N,Y,Y,Y,N,全區,30,611,分館主任：林國慶,02-23391056,分館主任：林國慶,02-23391056,,臺北市萬華區東園街19號5-7樓
SA108-0024,臺北市市場處龍山寺地下街,臺北市,萬華區,糖廍里,臺北市萬華區西園路一段145號B2,市場/停車場,Y,N,N,N,Y,Y,Y,N,全區,6050,6655.7,市場處輔導科吳駿永,02-25505220#5007,市場處輔導科吳駿永,02-25505220#5007,,臺北市萬華區西園路一段145號B2
SA108-0025,臺北市市場處環南中繼市場停車場,臺北市,萬華區,綠堤里,環河南路二段338號4樓-5樓,市場/停車場,Y,N,N,N,Y,Y,Y,N,全區,7951,203965,市場處市場科陳維心,02-2550-5220#2115,市場處市場科陳維心,02-2550-5220#2115,,臺北市萬華區綠堤里環河南路二段338號4樓-5樓
SA110-0001,臺北市信義區博愛國民小學,臺北市,信義區,安康里,松仁路95巷20號,學校,N,Y,N,N,Y,Y,Y,N,安康里、松友里、廣居里、國業里、富台里,156,1254.52,許柏雄,02-23450616#400,陳順和,02-23450677,,臺北市信義區安康里松仁路95巷20號
SA110-0002,臺北市信義區吳興國民小學,臺北市,信義區,三張里,松仁路226號,學校,Y,備用,Y,N,Y,Y,Y,N,三張里、三犁里、惠安里、六合里、泰和里、雙和里、黎安里、黎忠里,141,546,辛佩儒,02-27200226#50,陳靜宜,02-27200226#10,,臺北市信義區三張里松仁路226號
SA110-0003,臺北市立信義國民中學,臺北市,信義區,三張里,松仁路158巷1號,學校,N,備用,N,N,Y,Y,Y,N,雙和里、泰和里、六合里、惠安里、嘉興里、中興里、景新里、景勤里、三張里、三犁里、景聯里、黎順里、黎安里、黎忠里、松友里,206,824,呂忠信,02-27236771#511,劉文鴻,02-27236771#101,,臺北市信義區三張里松仁路158巷1號
SA110-0004,臺北市立興雅國民中學,臺北市,信義區,安康里,松德路168巷15號,學校,N,Y,N,N,Y,Y,Y,N,敦厚里、六藝里、興雅里、興隆里、新仁里、安康里、富台里、松友里、國業里、廣居里、松隆里、西村里,251,1005,謝永振,02-27232771#500,莊國彰,02-27232771#100,,臺北市信義區安康里松德路168巷15號
SA110-0005,臺北市信義區信義國民小學,臺北市,信義區,景新里,松勤街60號,學校,N,備用,N,N,Y,Y,Y,N,景勤里、三張里、景新里、雙和里、三犁里、黎安里、黎忠里、六合里,164,600,蕭豫奇,02-27204005#831,李淑芳,02-27204005#891,,臺北市信義區景新里松勤街60號
SA110-0006,松德公園,臺北市,信義區,安康里,松德路180巷興雅國中東側,公園/綠地,N,Y,N,N,N,Y,N,Y,全區,1340,10767,高奕翔,02-27884255,高奕翔,02-27884255,,臺北市信義區安康里松德路180巷興雅國中東側
SA110-0007,臺北市信義運動中心,臺北市,信義區,三張里,松勤路100號,圖書館,N,備用,N,N,Y,N,Y,N,三張里、景新里、安康里、三犁里、西村里,200,1055.52,徐苡芹,02-8786-1911#321,葉詩郁,02-2570-2330#6467,,臺北市信義區三張里松勤路100號
SA110-0008,臺北市信義區三興國民小學,臺北市,信義區,景聯里,基隆路2段99號,學校,Y,備用,N,N,Y,N,Y,N,中興里、嘉興里、景聯里、黎順里、景勤里、黎忠里、黎平里,77,1104.66,洪嘉敏,02-27364687#150,李莉莉,02-27364687#100,,臺北市信義區景聯里基隆路2段99號
SA110-0009,臺北市信義區雙永國民小學,臺北市,信義區,永春里,松山路287巷5號,學校,N,備用,N,N,Y,Y,Y,N,松光里、大道里、大仁里、永春里,116,620,張偉峰,02-87858111#1700,楊政修,02-87858111#1100,,臺北市信義區永春里松山路287巷5號
SA110-0010,臺北市立永吉國民中學,臺北市,信義區,四育里,松隆路161號,學校,N,備用,N,N,Y,Y,Y,N,四育里、四維里、五常里、永吉里、永春里、雅祥里、五全里、長春里,97,730,林岳,02-27649066#120,謝丞韋,02-27649066#168,,臺北市信義區四育里松隆路161號
SA110-0011,臺北市立永春高級中學,臺北市,信義區,松隆里,松山路654號,學校,N,備用,N,N,Y,Y,Y,N,松隆里、大仁里、中坡里、松光里、國業里、松友里,300,580,呂慶書,02-27272983#500,林春煌,02-27272983#100,,臺北市信義區松隆里松山路654號
SA110-0012,臺北市信義區雙永國民小學,臺北市,信義區,永春里,松山路287巷5號,學校,N,備用,N,N,N,Y,Y,N,永吉里、四育里、四維里、永春里、長春里、富台里、廣居里,115,改建後重新評估,張偉峰,02-87858111#1700,楊政修,02-87858111#1100,,臺北市信義區永春里松山路287巷5號
SA110-0013,臺北市信義區光復國民小學,臺北市,信義區,興隆里,光復南路271號,學校,N,備用,N,N,Y,Y,Y,N,中興里、新仁里、正和里、西村里、興隆里、華聲里、車層里、復盛里、光信里、正聲里,80,1177.8,蔡宜蓓,02-27585076#830,修金莒,02-27585076#888,,臺北市信義區興隆里光復南路271號
SA110-0014,臺北市立松山高級工農職業學校,臺北市,信義區,廣居里,忠孝東路五段236巷15號,學校,N,備用,N,N,Y,Y,Y,N,安康里、廣居里、國業里、富台里、長春里、興雅里,333,1333,蔡諭頴,02-27226616#601,何杉友,02-27226616#101,,臺北市信義區廣居里忠孝東路五段236巷15號
SA110-0015,臺北市立松山高級商業家事職業學校,臺北市,信義區,松隆里,松山路655號,學校,N,備用,N,N,Y,Y,Y,N,松隆里、大仁里、中坡里、松光里、國業里、松友里,116,1460.41,薛敏生,02-27261118#410,柳景沅,02-27261118#100,,臺北市信義區松隆里松山路655號
SA110-0016,臺北市立松山高級中學,臺北市,信義區,新仁里,基隆路一段156號,學校,Y,備用,N,N,Y,Y,Y,N,新仁里、敦厚里、興雅里、興隆里,300,1163,張勝欽,02-27535968#230,林昇茂,02-27535968#210,,臺北市信義區新仁里基隆路一段156號
SA110-0017,臺北市立瑠公國民中學,臺北市,信義區,中行里,福德街221巷15號,學校,N,備用,N,N,Y,Y,Y,N,大道里、中坡里、中行里、大仁里、松光里、松隆里,100,1298.35,程淑玲,02-27261481#401,漫安琦,02-27261481#100,,臺北市信義區中行里福德街221巷15號
SA110-0018,臺北市信義區福德國民小學,臺北市,信義區,中行里,福德街253號,學校,N,備用,N,N,Y,Y,Y,N,中行里、中坡里、松隆里,105,420,張雅祺,02-27277992#31,褚希雯,02-27277992#10,,臺北市信義區中行里福德街253號
SA110-0019,臺北市信義區興雅國民小學,臺北市,信義區,雅祥里,基隆路一段83巷9號,學校,N,備用,N,N,Y,Y,Y,N,新仁里、敦厚里、興雅里、雅祥里、五全里、五常里、六藝里、四育里,198,3485.72,張曼薇,02-27618156#630,蔡宗良,02-27618156#601,,臺北市信義區雅祥里基隆路一段83巷9號
SA110-0021,景勤1號公園,臺北市,信義區,景勤里,吳興街220巷59弄旁(陸軍保養廠),公園/綠地,N,Y,N,N,N,Y,N,Y,全區,942,11563,高奕翔,02-27884255,高奕翔,02-27884255,,臺北市信義區景勤里吳興街220巷59弄旁(陸軍保養廠)
SA110-0022,景勤2號公園,臺北市,信義區,景勤里,信安街、吳興街220巷交口,公園/綠地,Y,Y,N,N,N,Y,N,Y,全區,1023,11790,高奕翔,02-27884255,高奕翔,02-27884255,,臺北市信義區景勤里信安街、吳興街220巷交口
SA110-0023,三興市場大樓地下停車場,臺北市,信義區,景勤里,臺北市信義區吳興街156巷6號B1、B2,市場/停車場,N,N,N,N,Y,Y,Y,N,全區,504,1891.65,市場處市場輔導科趙錦秀,2550-5220#5016,市場處市場輔導科趙錦秀,2550-5220#5011,三興超市,臺北市信義區吳興街156巷6號B1、B2
SA110-0024,市府轉運站,臺北市,信義區,興雅里,臺北市信義區忠孝東路5段6號,捷運站體,N,N,N,N,Y,Y,Y,N,全區,8248,32993,防災中心,02-27221166#8119,張國光,02-27221166#9,,臺北市信義區忠孝東路5段6號
SA110-0025,臺北市市場處全聯松山松興店地下二樓停車場,臺北市,信義區,興雅里,臺北市信義區松隆路36號地下二樓,市場/停車場,Y,N,N,N,Y,Y,Y,N,全區,177,349,市場處輔導科趙錦秀,02-25505220#5011,市場處輔導科趙錦秀,02-25505220#5011,松興超市,臺北市信義區松隆路36號地下二樓
SA110-0026,臺北市立圖書館六合分館,臺北市,信義區,六合里,臺北市信義區松仁路240巷19號3-5樓,圖書館,Y,N,N,N,Y,Y,Y,N,全區,46,184,分館主任：邱皓庭,02-27292485,分館主任：邱皓庭,02-27292485,,臺北市信義區松仁路240巷19號3-5樓
SA110-0027,臺北市立圖書館永春分館,臺北市,信義區,長春里,臺北市信義區松山路294號3-4樓,圖書館,N,N,N,N,Y,Y,Y,N,全區,76,306,分館主任：陳鈺青,02-27609730,分館主任：陳鈺青,02-27609730,,臺北市信義區松山路294號3-4樓
SA111-0001,臺北市士林區社子國民小學,臺北市,士林區,永倫里,延平北路六段308號,學校,Y,備用,N,N,Y,Y,Y,N,社子里、社園里、永倫里、福安里、社新里,160,640,羅泰興,02-28122505#830,朱榮富,02-28122505#888,,臺北市士林區永倫里延平北路六段308號
SA111-0002,臺北市立至善國民中學,臺北市,士林區,臨溪里,至善路二段360號,學校,N,備用,老舊聚落,N,Y,Y,Y,N,溪山里、翠山里、福林里、臨溪里、名山里、岩山里、福志里,157,630,王琮郁,02-2841#1350#40,洪春金,02-2841#1350#10,,臺北市士林區臨溪里至善路二段360號
SA111-0003,臺北市士林區福林國民小學,臺北市,士林區,福志里,福志路75號,學校,N,Y,N,N,Y,Y,Y,N,福林里、福志里、舊佳里、臨溪里,168,674,曾蕙雯主任、張琮祐幹事,02-28316293#204、234,黃國庭校長,02-28316293#201,,臺北市士林區福志里福志路75號
SA111-0004,臺北市士林區士林國民小學,臺北市,士林區,福德里,大東路165號,學校,N,Y,老舊聚落,N,Y,Y,Y,N,仁勇里、義信里、福佳里、福林里、舊佳里、福德里,219,876,楊國材,02-28812231#231,吳明郁,02-28821024,,臺北市士林區福德里大東路165號
SA111-0005,臺北市士林區陽明山國民小學,臺北市,士林區,新安里,仰德大道三段61號,學校,N,備用,Y,N,Y,Y,Y,N,永福里、公館里、新安里、陽明里、菁山里、芝山里,50,200,范姜群岳,02-28616366#131,梁志恒,02-28616366#101,,臺北市士林區新安里仰德大道三段61號
SA111-0006,臺北市溪山實驗國民小學,臺北市,士林區,溪山里,至善路三段199號,學校,N,備用,Y,N,Y,Y,Y,N,溪山里,50,105,蔡三陽,02-28411010#213,施春明,02-28411010#128,,臺北市士林區溪山里至善路三段199號
SA111-0007,士林官邸公園,臺北市,士林區,福林里,福林路60號,公園/綠地,N,Y,N,N,N,Y,N,Y,全區,1930,129965,黃瑜馨,02-28812512,黃瑜馨,02-28812512,,臺北市士林區福林里福林路60號
SA111-0008,臺北市士林運動中心,臺北市,士林區,福德里,士商路1號,體育場館/運動中心,N,備用,N,N,Y,N,Y,N,福德里、仁勇里、義信里、福林里、福志里、舊佳里、福佳港、後港里、福中里、前港里、百齡里、承德里、福華里、明勝里,171,1362.53,陳祖榮,02-2880-6066#101,丁鳳儀,02-2570-2330#6467,,臺北市士林區福德里士商路1號
SA111-0009,臺北市市場處士東市場地下停車場,臺北市,士林區,三玉里,臺北市士林區士東路100號,市場/停車場,N,N,N,N,Y,Y,Y,N,全區,771,2979.79,市場處市場科蔡宜育,02-2550-5220#2131,市場處市場科蔡宜育,02-2550-5220#2131,,臺北市士林區士東路100號
SA111-0010,天母棒球場,臺北市,士林區,三玉里,忠誠路二段77號,體育場館/運動中心,Y,備用,N,N,Y,N,N,Y,芝山里、岩山里、名山里、聖山里、東山里、忠誠里、德行里、德華里、蘭雅里、蘭興里、三玉里、天福里、天祿里、天壽里、天和里、天山里、天玉里、天母里,150,290,黃士軒,02-2873-5688#222,蘇君偉,02-2570-2330#6523,,臺北市士林區三玉里忠誠路二段77號
SA111-0011,臺北市士林區三玉國民小學,臺北市,士林區,三玉里,天母東路116號,學校,N,備用,N,N,Y,Y,Y,N,天和里、天山里、天福里、三玉里、東山里,782,14335,紀乃勳,02-28751369#717,詹瑞璟,02-28751369#733,,臺北市士林區三玉里天母東路116號
SA111-0012,臺北市士林區士東國民小學,臺北市,士林區,蘭雅里,中山北路六段392號,學校,Y,備用,N,N,Y,Y,Y,N,天祿里、三玉里、蘭雅里、天壽里、天福里,275,1118.77,李啓猷,02-28710064#241,江啓昱,02-28710064#111,,臺北市士林區蘭雅里中山北路六段392號
SA111-0013,臺北市立士林高級商業職業學校,臺北市,士林區,後港里,士商路150號,學校,N,備用,N,N,Y,Y,Y,N,後港里、福佳里、福德里,54,1644,鄭旭峰,02-28313114#401,余耀銘,02-28313114#101,,臺北市士林區後港里士商路150號
SA111-0014,臺北市立士林國民中學,臺北市,士林區,福德里,中正路345號,學校,N,備用,N,N,Y,Y,Y,N,福佳里、福德里、舊佳里、福林里、福志里、義信里、仁勇里、社新里、社園里,39,1647,黃懷濬,02-88613411#500,胡智為,02-88613411#100,,臺北市士林區福德里中正路345號
SA111-0015,臺北市士林區天母國民小學,臺北市,士林區,天玉里,天玉街12號,學校,Y,備用,N,N,Y,Y,Y,N,天母里、天玉里、天山里、天壽里,323,1600,江崇男,02-28723336#9501,邱雅莉,02-28723336#9101,,臺北市士林區天玉里天玉街12號
SA111-0016,臺北市立天母國民中學,臺北市,士林區,三玉里,天母東路120號,學校,N,備用,N,N,Y,Y,Y,N,天母里、天山里、天玉里、天福里、天和里、三玉里、天壽里、東山里、芝山里,99,882,林崇欽,02-28754864#500,陳麗英,02-28754864#100,,臺北市士林區三玉里天母東路120號
SA111-0017,台北市士林區文昌國民小學,臺北市,士林區,德華里,文林路615巷20號,學校,Y,備用,N,N,Y,Y,Y,N,德華里、福佳里、德行里、蘭興里,140,610,陳佩雯,02-28365411#130,張伯謙,02-28365411#100,,臺北市士林區德華里文林路615巷20號
SA111-0018,臺北市士林區平等國民小學,臺北市,士林區,平等里,平菁街101號,學校,N,備用,N,N,Y,Y,Y,N,平等里,30,163,蘇明順,02-28610503#830,賴婷妤,02-28610503#207,,臺北市士林區平等里平菁街101號
SA111-0019,臺北市士林區百齡高級中學,臺北市,士林區,義信里,承德路四段177號,學校,Y,備用,N,N,Y,Y,Y,N,義信里、仁勇里、承德里、福華里、前港里、明勝里、百齡里、福中里,300,1650,章瑄文,02-28831568#302,張盈霏,02-28831568#601,,臺北市士林區義信里承德路四段177號
SA111-0020,臺北市士林區百齡國民小學,臺北市,士林區,福中里,福港街205號,學校,Y,備用,N,N,Y,Y,Y,N,後港里、福中里、前港里、百齡里、福華里,342,1080,曹世群,02-28817683#850,張育成,02-28817683#801,,臺北市士林區福中里福港街205號
SA111-0021,臺北市士林區芝山國民小學,臺北市,士林區,芝山里,德行東路285號,學校,Y,備用,N,N,Y,Y,Y,N,芝山里、三玉里、東山里、臨溪里、岩山里、聖山里,75,315,連莉莉,02-28316115#240,范如君,02-28316115#210,,臺北市士林區芝山里德行東路285號
SA111-0022,臺北市士林區雨農國民小學,臺北市,士林區,名山里,忠義街1號,學校,N,備用,N,N,Y,Y,Y,N,忠誠里、名山里、聖山里、芝山里、臨溪里、岩山里,124,496,吳正男,02-28329700#231,陳玟錡,02-28329700#111,,臺北市士林區名山里忠義街1號
SA111-0023,臺北市士林區雨聲國民小學,臺北市,士林區,岩山里,至誠路一段62巷70號,學校,Y,備用,N,N,Y,Y,Y,N,芝山里、臨溪里、岩山里、名山里,30,146,周桂芳,02-28311004#231,黃冠達,02-28311004#201,,臺北市士林區岩山里至誠路一段62巷70號
SA111-0024,臺北市立格致國民中學,臺北市,士林區,陽明里,仰德大道四段75號,學校,N,備用,N,N,Y,N,Y,N,公館里、平等里、永福里、菁山里、陽明里、新安里,73,234,李欣怡,02-28610079#107,詹馨怡,02-28610079#101,,臺北市士林區陽明里仰德大道四段75號
SA111-0025,臺北市士林區富安國民小學,臺北市,士林區,富洲里,延平北路八段135號,學校,Y,備用,N,N,Y,Y,Y,N,富洲里、福安里,71,1560,張凱惠,02-28103192#631,卓家夙,02-28103192#661,,臺北市士林區富洲里延平北路八段135號
SA111-0026,臺北市立陽明高級中學,臺北市,士林區,後港里,中正路510號,學校,N,備用,N,N,Y,Y,Y,N,社子里、後港里、葫蘆里、福順里、葫東里、富光里、社園里、社新里、福佳里,110,154.31,陳佑昌,02-28316675#140,蔡哲銘,02-28316675#100,,臺北市士林區後港里中正路510號
SA111-0027,臺北市士林區葫蘆國民小學,臺北市,士林區,葫蘆里,環河北路三段95號,學校,Y,備用,N,N,Y,Y,Y,N,葫蘆里、葫東里、富光里、福順里、社新里、社子里,88,540,陳建華,02-28129586#831,蔡新淵,02-28129586#861,,臺北市士林區葫蘆里環河北路三段95號
SA111-0028,臺北市立福安國民中學,臺北市,士林區,福安里,延平北路七段250號,學校,Y,備用,N,N,Y,Y,Y,N,永倫里、福安里、富洲里、社子里、社新里、社園里,30,542,黃培培,02-28108766#140,施俞旭,02-28108766#100,,臺北市士林區福安里延平北路七段250號
SA111-0029,臺北市士林區劍潭國民小學,臺北市,士林區,明勝里,通河街16號,學校,Y,備用,N,N,Y,Y,Y,N,承德里、明勝里、福華里,31,172.5,楊振昌,02-28855491#830,楊美惠,02-28855491#800,學校:本校地勢低窪原113年調查亦填報水災為否，不知為何變更為是，現修正為否。本府回復:請依本府工務局水利工程處災害淺勢評估結果為準。,臺北市士林區明勝里通河街16號
SA111-0030,臺北市士林區雙溪國民小學小,臺北市,士林區,翠山里,中社路二段66號,學校,N,備用,N,N,Y,Y,Y,N,翠山里、臨溪里,30,128,吳欣儒,02-28411038#25,廖大烱,02-28411038#37,,臺北市士林區翠山里中社路二段66號
SA111-0031,臺北市士林區蘭雅國民小學,臺北市,士林區,蘭興里,磺溪街57號,學校,N,備用,N,N,Y,Y,Y,N,蘭興里、蘭雅里、德行里、忠誠里,30,300,劉人豪,02-28366052#232,藍惠美,02-28366052#201,,臺北市士林區蘭興里磺溪街57號
SA111-0032,臺北市立蘭雅國民中學,臺北市,士林區,三玉里,忠誠路二段51號,學校,Y,備用,N,N,Y,Y,Y,N,三玉里、天祿里、聖山里、名山里、忠誠里、蘭雅里、蘭興里、德行里、德華里、天壽里、岩山里、東山里、芝山里,130,1314.04,林億清,02-28329377#500,張幸愉,02-28329377#101,,臺北市士林區三玉里忠誠路二段51號
SA111-0035,美崙公園,臺北市,士林區,福佳里,美崙街152巷,公園/綠地,N,Y,N,N,N,Y,N,Y,福佳、舊佳、福德、義信、仁勇、福志、後港、德華、德行里,5233,60288,黃子銘股長,02-28832130,陳彥材主任,02-28832130,,臺北市士林區福佳里美崙街152巷
SA111-0036,前港公園,臺北市,士林區,前港里,華齡街與前港街交叉口(百齡國小對面),公園/綠地,Y,Y,N,N,N,Y,N,Y,後港、福中、前港、百齡、承德、福華、明勝里,3136,36129,黃子銘股長,02-28832130,陳彥材主任,02-28832130,,臺北市士林區前港里華齡街與前港街交叉口(百齡國小對面)
SA111-0037,福林公園,臺北市,士林區,福林里,福林路2號(中山北路與福林路交叉口).,公園/綠地,Y,Y,N,N,N,Y,N,Y,福佳、舊佳、福德、義信、仁勇、福志、名山、聖山、岩山里,2284,26316,黃瑜馨,02-28812512,黃瑜馨,02-28812512,,臺北市士林區福林里福林路2號(中山北路與福林路交叉口).
SA111-0038,忠誠公園,臺北市,士林區,名山里,中山北路六段與忠誠路一段交叉口,公園/綠地,N,Y,N,N,N,N,N,Y,岩山、名山、聖山、芝山、東山、忠誠、德行、德華、蘭雅、蘭興里,881,10149,黃子銘股長,02-28832130,陳彥材主任,02-28832130,,臺北市士林區名山里中山北路六段與忠誠路一段交叉口
SA111-0039,天和公園,臺北市,士林區,天和里,天母東路69巷前,公園/綠地,Y,Y,N,N,N,N,N,Y,三玉、天福、天祿、天壽、天和、天山、天玉、天母、東山里,1296,936,黃子銘股長,02-28832130,陳彥材主任,02-28832130,,臺北市士林區天和里天母東路69巷前
SA111-0040,社子公園,臺北市,士林區,社園里,永平街20巷11弄3號對面,公園/綠地,N,Y,N,N,N,N,N,Y,福順、富光、葫蘆、葫東、社子、社新、社園、永倫、福安、富洲里,874,10713,黃子銘股長,02-28832130,陳彥材主任,02-28832130,,臺北市士林區社園里永平街20巷11弄3號對面
SA111-0041,臺北市市場處士林市場地下停車場,臺北市,士林區,義信里,臺北市士林區基河路101號,市場/停車場,N,N,N,N,Y,Y,Y,N,全區,1325,5300.82,市場處市場科許舜傑,02-2550-5220#2118,市場處市場科許舜傑,02-2550-5220#2118,,臺北市士林區基河路101號
SA111-0042,臺北市立圖書館天母分館,臺北市,士林區,天山里,臺北市士林區中山北路七段154巷6號3、4樓,圖書館,N,N,N,N,Y,Y,Y,N,全區,41,165,分館主任：謝宜瑾,02-28736203,分館主任：謝宜瑾,02-28736203,,臺北市士林區中山北路七段154巷6號3、4樓
SA111-0043,臺北市立圖書館李科永紀念館,臺北市,士林區,福林里,臺北市士林區中正路15號,圖書館,Y,N,N,N,Y,Y,Y,N,全區,46,204,分館主任：袁大鈺,02-28833453,分館主任：袁大鈺,02-28833453,,臺北市士林區中正路15號
SA111-0044,臺北市立圖書館葫蘆堵分館,臺北市,士林區,福順里,臺北市士林區延平北路五段136巷1號3-9樓,圖書館,N,N,N,N,Y,Y,Y,N,全區,190,760,分館主任：葉奕辰,02-28126513,分館主任：葉奕辰,02-28126513,,臺北市士林區延平北路五段136巷1號3-9樓
SA111-0045,臺北表演藝術中心,臺北市,士林區,義信里,台北市士林區劍潭路1號,藝術中心,N,N,N,N,Y,Y,Y,N,前港里義信里,5061,12309.67,楊秉叡經理,02-77563800#1766,楊秉叡經理,02-77563800#1766,,台北市士林區劍潭路1號
SA112-0001,臺北市立新民國民中學,臺北市,北投區,林泉里,新民路10號,學校,N,Y,老舊聚落,N,Y,Y,Y,N,中心里、中和里、中庸里、秀山里、林泉里、泉源里、開明里、智仁里、大屯里、湖山里、湖田里、文化里、中央里,205,1727.18,徐為紘,02-28979001#500,陳怡雲,02-28979001#100,,臺北市北投區林泉里新民路10號
SA112-0002,臺北市北投區逸仙國民小學,臺北市,北投區,中心里,新民路2號,學校,N,Y,老舊聚落,N,Y,Y,Y,N,中心里、林泉里、長安里、溫泉里、秀山里、中和里、稻香里、大屯里,166,665,黃介宏,02-28914537#130,林千瑜,02-28914537#888,,臺北市北投區中心里新民路2號
SA112-0003,臺北市立桃源國民中學,臺北市,北投區,一德里,中央北路四段48號,學校,Y,備用,N,N,Y,Y,Y,N,一德里、桃源里、稻香里、豐年里、文化里,55,220,蔡溪圳,02-28929633#241,陳昭薇,02-28929633#201,,臺北市北投區一德里中央北路四段48號
SA112-0004,臺北市北投區北投國民小學,臺北市,北投區,長安里,中央北路一段73號,學校,Y,備用,N,N,Y,Y,Y,N,中央里、大同里、長安里、溫泉里、清江里、林泉里,195,1300,謝運鵬,02-28912052#131,賴俊賢,02-28912052#161,,臺北市北投區長安里中央北路一段73號
SA112-0005,復興公園,臺北市,北投區,中心里,中和街200號,公園/綠地,N,Y,N,N,N,Y,N,Y,全區,3624,"14,495",黃子銘股長,02-28832130,陳彥材主任,02-28832130,,臺北市北投區中心里中和街200號
SA112-0006,北投區民活動中心(暫停用),臺北市,北投區,清江里,新市街30號6樓,活動中心,Y,備用,N,N,N,Y,Y,N,清江里、八仙里、溫泉里、奇岩里,90,520,方恩斌,02-28912105#365,方恩斌,02-28912105#365,北投區公所:預計113年拆除，俟重建後規劃活動中心以提供收容量能。本府回復:同意暫時解除收容任務，俟重建後規劃活動中心以提供收容量能。,臺北市北投區清江里新市街30號6樓
SA112-0007,臺北市北投運動中心,臺北市,北投區,吉利里,石牌路一段39巷100號,體育場館/運動中心,Y,備用,N,N,Y,N,Y,N,吉利里、吉慶里、尊賢里,384,5057,楊子興,2820-2880#11,顏凡涵,02-2570-2330#6428,,臺北市北投區吉利里石牌路一段39巷100號
SA112-0008,臺北市北投區大屯國民小學,臺北市,北投區,大屯里,復興三路312號,學校,N,備用,N,N,Y,N,Y,N,大屯里,30,103,曾俊明,02-28914353#13,林世浩,02-28914353#10,,臺北市北投區大屯里復興三路312號
SA112-0009,臺北市立中正高級中學,臺北市,北投區,建民里,文林北路77號,學校,Y,備用,N,N,Y,Y,Y,N,建民里,109,1444,莊孟蓉,02-28234811#500,江惠真,02-28234811#100,,臺北市北投區建民里文林北路77號
SA112-0010,臺北市北投區文化國民小學,臺北市,北投區,文化里,文化三路1號,學校,Y,備用,N,N,Y,Y,Y,N,文化里、智仁里、中庸里、豐年里、秀山里、中和里,50,189,黃士嘉,02-28933828#6131,林瓊珠,02-28933828#6101,,臺北市北投區文化里文化三路1號
SA112-0011,臺北市北投區文林國民小學,臺北市,北投區,建民里,文林北路155號,學校,Y,備用,N,N,Y,Y,Y,N,建民里、石牌里、文林里、洲美里,300,1100,謝曉青,02-28234212#400,李孟柔,02-28234212#100,,臺北市北投區建民里文林北路155號
SA112-0012,臺北市立北投國民中學,臺北市,北投區,溫泉里,溫泉路62號,學校,N,備用,N,N,Y,Y,Y,N,清江里、溫泉里、長安里、大同里、奇岩里、中央里、八仙里、豐年里,380,1351.82,方素娥,02-28912091#400,陳澤民,02-28912091#100,,臺北市北投區溫泉里溫泉路62號
SA112-0013,臺北市北投區石牌國民小學,臺北市,北投區,吉利里,致遠二路80號,學校,Y,備用,N,N,Y,Y,Y,N,吉利里、吉慶里、永明里、榮光里、福興里、振華里、東華里、立農里、立賢里、裕民里、尊賢里,180,930,郭士豪,02-28227484#331,詹益正,02-28227484#188,,臺北市北投區吉利里致遠二路80號
SA112-0014,臺北市立石牌國民中學,臺北市,北投區,吉利里,石牌路一段139號,學校,Y,備用,N,N,Y,Y,Y,N,東華里、永明里、吉利里、吉慶里、立農里、立賢里、尊賢里、八仙里、振華里、榮光里、永和里、福興里、永欣里,400,1352,余智誠,02-28224682#250,黃桐良,02-28224682#211,,臺北市北投區吉利里石牌路一段139號
SA112-0015,臺北市北投區立農國民小學,臺北市,北投區,立農里,立農街一段250號,學校,Y,備用,N,N,Y,Y,Y,N,立賢里、立農里、八仙里、東華里、尊賢里,31,150,歐鎮羽,02-28210702#300,李秋田,02-28210702#700,,臺北市北投區立農里立農街一段250號
SA112-0016,臺北市北投區明德國民小學,臺北市,北投區,榮華里,明德路190號,學校,N,備用,N,N,Y,Y,Y,N,榮華里、裕民里、振華里,767,760,王志豪,02-28229651#1300,塗振洋,02-28229651#1000,,臺北市北投區榮華里明德路190號
SA112-0017,臺北市立明德國民中學,臺北市,北投區,建民里,明德路50號,學校,Y,備用,N,N,Y,Y,Y,N,石牌里、文林里、榮華里、建民里、裕民里、振華里、榮光里、永和里、福興里、永欣里,88,877.9,梁曉芬,02-28232539#601,楊啓明,02-28232539#101,,臺北市北投區建民里明德路50號
SA112-0018,臺北市泉源實驗國民小學,臺北市,北投區,泉源里,東昇路34號,學校,N,備用,N,N,Y,Y,Y,N,泉源里,33,132,彭彥勳,02-28951258#141,游鴻池,02-28951258#111,,臺北市北投區泉源里東昇路34號
SA112-0019,臺北市北投區桃源國民小學,臺北市,北投區,桃源里,中央北路三段40巷45號,學校,Y,備用,N,N,Y,Y,Y,N,桃源里、稻香里,30,101.25,柯秋溢,02-28941208#131,張鍾榮,02-28941208#101,,臺北市北投區桃源里中央北路三段40巷45號
SA112-0020,台北市北投區清江國民小學,臺北市,北投區,奇岩里,公館路220號,學校,Y,備用,N,N,Y,Y,Y,N,奇岩里、八仙里、清江里,350,1443.18,李泰霖,02-28912764#300,林勝聰,02-28912764#111,,臺北市北投區奇岩里公館路220號
SA112-0021,臺北市立復興高級中學,臺北市,北投區,開明里,復興四路70號,學校,Y,備用,N,N,Y,Y,Y,N,大屯里、開明里,348,1108.89,孫俊彥,02-28914131#400,蔡明勳,02-28914131#100,,臺北市北投區開明里復興四路70號
SA112-0022,臺北市北投區湖山國民小學,臺北市,北投區,湖山里,湖底路11號,學校,N,備用,N,N,Y,Y,Y,N,湖山里、湖田里,30,109.38,高美莉,02-28610148#130,蔡雅芬,02-28610148#170,,臺北市北投區湖山里湖底路11號
SA112-0023,臺北市湖田實驗國民小學,臺北市,北投區,湖田里,竹子湖路17之2號,學校,N,備用,N,N,Y,Y,Y,N,湖田里,30,654,林昱慶,02-28616963#10,林映社,02-28616963#12,,臺北市北投區湖田里竹子湖路17之2號
SA112-0024,臺北市北投區義方國民小學,臺北市,北投區,泉源里,珠海路155號,學校,N,備用,N,N,Y,Y,Y,N,開明里、中庸里、大屯里、泉源里、中心里、林泉里,120,850,張家金,02-28917433#131,徐昀霖,02-28917433#101,,臺北市北投區泉源里珠海路155號
SA112-0025,臺北市北投區關渡國民小學,臺北市,北投區,一德里,中央北路四段581號,學校,Y,備用,N,N,Y,Y,Y,N,一德里、關渡里,110,144.7,莊淑芬,02-28912847#831,翁世盟,02-28912847#888,,臺北市北投區一德里中央北路四段581號
SA112-0026,臺北市立關渡國民中學,臺北市,北投區,關渡里,知行路212號,學校,Y,備用,N,N,Y,Y,Y,N,關渡里、八仙里、一德里,120,479.5,蕭宇廷,02-28581770#500,楊秀文,02-28581770#100,,臺北市北投區關渡里知行路212號
SA112-0027,國防大學政治作戰學院,臺北市,北投區,文化里,中央北路二段70號,營區,Y,備用,N,N,N,N,Y,N,文化里、豐年里(僅寒暑假可安置),584,3483,黃冠倫上尉,02-28925125,黃冠倫上尉,02-28925125,,臺北市北投區文化里中央北路二段70號
SA112-0028,北投一公園,臺北市,北投區,中心、林泉、長安、溫泉里,中山路、光明路所圍範圍,公園/綠地,N,Y,N,N,N,N,N,Y,全區,3461,12063,黃子銘股長,02-28832130,陳彥材主任,02-28832130,,臺北市北投區中心、林泉、長安、溫泉里中山路、光明路所圍範圍
SA112-0029,北投二公園,臺北市,北投區,中心、林泉里,中山路5號附近,公園/綠地,N,Y,N,N,N,N,N,Y,林泉、中心、長安里,1083,12480,黃子銘股長,02-28832130,陳彥材主任,02-28832130,,臺北市北投區中心、林泉里中山路5號附近
SA112-0030,大豐公園(暫停用),臺北市,北投區,清江、溫泉里,公館路13號旁,公園/綠地,Y,Y,N,N,N,Y,N,Y,清江、溫泉、奇岩、中央里,1075,12391,黃子銘股長,02-28832130,陳彥材主任,02-28832130,目前公園作為北投臨時市場使用，無公園功能，建議刪除。本府回復:俟回復公園使用後回任，同意暫時解除任務，本公園仍持續列管,臺北市北投區清江、溫泉里公館路13號旁
SA112-0031,七星公園,臺北市,北投區,長安里,光明路、中山路交叉口(新北投捷運站南側),公園/綠地,N,Y,N,N,N,N,N,Y,全區,1046,12056,黃子銘股長,02-28832130,陳彥材主任,02-28832130,,臺北市北投區長安里光明路、中山路交叉口(新北投捷運站南側)
SA112-0032,石牌公園,臺北市,北投區,吉利、尊賢里,臺北市北投區石牌路1段39巷內,公園/綠地,Y,Y,N,N,N,N,N,Y,吉利、吉慶、福興、尊賢、榮光,2047,23582,黃子銘股長,02-28832130,陳彥材主任,02-28832130,,臺北市北投區石牌路1段39巷內
SA112-0033,立農公園,臺北市,北投區,立農里,承德路7段、立農街1段22巷2弄旁,公園/綠地,Y,Y,N,N,N,N,N,Y,立農、立賢、東華、八仙里,1547,17822,黃子銘股長,02-28832130,陳彥材主任,02-28832130,,臺北市北投區立農里承德路7段、立農街1段22巷2弄旁
SA112-0034,振興公園,臺北市,北投區,榮華里,天母西路、磺溪交叉口,公園/綠地,N,Y,N,N,N,N,N,Y,榮華、永和、永欣、裕民、永明、振華、建民、石牌、文林、洲美里,950,10950,黃子銘股長,02-28832130,陳彥材主任,02-28832130,,臺北市北投區榮華里天母西路、磺溪交叉口
SA112-0035,文化區民活動中心(暫停用),臺北市,北投區,文化里,臺北市北投區文化三路3號4、5樓,活動中心,N,N,N,N,Y,Y,Y,N,全區,58,231,陳正恒,02-28912105#221,陳正恒,02-28912105#221,北投區公所:建物管變予臺北市稅捐稽徵處，暫時解除收容任務俟文化區民活動中心轉址後回任收容所。本府回復:俟後續新建成文化居民活動中心後回任，同意暫時解除任務，本場所仍持續列管,臺北市北投區文化三路3號4、5樓
SA112-0036,臺北市立圖書館北投分館,臺北市,北投區,溫泉里,臺北市北投區光明路251號,圖書館,N,N,N,N,Y,Y,Y,N,全區,222,888,分館主任：劉南亭,02-28977682,分館主任：劉南亭,02-28977682,,臺北市北投區光明路251號
SA112-0037,臺北市立圖書館石牌分館,臺北市,北投區,榮華里,臺北市北投區明德路208巷5號3-10樓,圖書館,N,N,N,N,Y,Y,Y,N,全區,196,883,分館主任：陳家蓁,02-28239634,分館主任：陳家蓁,02-28239634,,臺北市北投區明德路208巷5號3-10樓
SA112-0038,臺北市立圖書館吉利分館,臺北市,北投區,立農里,臺北市北投區立農街一段366號5-8樓,圖書館,N,N,N,N,Y,Y,Y,N,全區,45,247,分館主任 賴坤玉,02-28201633,分館主任 賴坤玉,02-28201633,,臺北市北投區立農街一段366號5-8樓
SA112-0039,臺北市立圖書館清江分館,臺北市,北投區,奇岩里,臺北市北投區公館路198號3樓,圖書館,Y,N,N,N,Y,Y,Y,N,全區,201,803.54,分館主任：林惠敏,02-28960315,分館主任：林惠敏,02-28960315,,臺北市北投區公館路198號3樓
SA112-0040,臺北市立圖書館稻香分館,臺北市,北投區,稻香里,臺北市北投區稻香路81號7-9樓,圖書館,N,N,N,N,Y,Y,Y,N,全區,114,457.08,分館主任 詹雅婷,02-28940662,分館主任 詹雅婷,02-28940662,,臺北市北投區稻香路81號7-9樓
SA114-0001,臺北市內湖區麗山國民小學,臺北市,內湖區,麗山里,港華街100號,學校,Y,備用,Y,N,Y,Y,Y,N,港華里、港都里、麗山里、西康里,184,608,李宜勳,02-26574158#511,王仁宏,02-26574158#211,,臺北市內湖區麗山里港華街100號
SA114-0002,臺北市內湖區碧湖國民小學,臺北市,內湖區,內湖里,金龍路100號,學校,N,備用,Y,N,Y,Y,Y,N,金龍里、金瑞里、碧山里、內湖里、湖濱里、西康里,134,540,陳鴻義,02-27907161#151,張秀潔,02-27907161#181,,臺北市內湖區內湖里金龍路100號
SA114-0003,臺北市內湖區麗湖國民小學,臺北市,內湖區,金湖里,金湖路363巷8號,學校,N,備用,N,N,Y,Y,Y,N,金湖里、寶湖里、葫洲里,257,1029,林雅真,02-26343888#130,蔡素惠,02-26343888#100,,臺北市內湖區金湖里金湖路363巷8號
SA114-0004,臺北市內湖區大湖國民小學,臺北市,內湖區,大湖里,大湖山莊街170號,學校,N,Y,N,N,Y,Y,Y,N,大湖里、秀湖里、清白里、內溝里,166,664,吳玉明,02-27915870#510,朱雅菁,02-27915870#100,,臺北市內湖區大湖里大湖山莊街170號
SA114-0005,臺北市內湖區康寧國民小學,臺北市,內湖區,清白里,星雲街121號,學校,N,Y,N,N,Y,Y,Y,N,紫雲里、紫星里、清白里、紫陽里、西康里,157,628,賴振弘,02-27901237#141,黃志成,02-27901237#118,,臺北市內湖區清白里星雲街121號
SA114-0006,大湖公園,臺北市,內湖區,秀湖里,成功路五段31號旁,公園/綠地,N,Y,N,N,N,Y,N,Y,全區,2437,130195,鍾明旭,02-26586601#207,宋馥華,02-26586601#201,,臺北市內湖區秀湖里成功路五段31號旁
SA114-0007,內湖區行政大樓,臺北市,內湖區,湖興里,民權東路6段99號8樓,活動中心,Y,備用,N,N,N,Y,Y,N,湖興里、湖元里,170,695,蘇宗業,02-27925828#320,蘇宗業,02-27925828#320,,臺北市內湖區湖興里民權東路6段99號8樓
SA114-0008,臺北市內湖運動中心,臺北市,內湖區,港墘里,洲子街12號,體育場館/運動中心,Y,備用,N,N,Y,N,Y,N,西康里、西安里、西湖里、港華里、港都里、港墘里、港富里,219,2194.11,湯淑文,02-2656-2869#221,王家慶,02-2570-2330#6428,,臺北市內湖區港墘里洲子街12號
SA114-0009,臺北市立內湖高級中學,臺北市,內湖區,紫陽里,文德路218號,學校,N,備用,N,N,Y,Y,Y,N,紫陽里、瑞光里、瑞陽里,110,1036,戈伯元,02-27977035#309,董家莒,02-27977035#666,,臺北市內湖區紫陽里文德路218號
SA114-0010,臺北市內湖區內湖國民小學,臺北市,內湖區,港富里,內湖路二段41號,學校,N,備用,N,N,Y,N,Y,N,港墘里、港富里、瑞陽里、瑞光里、紫陽里、湖濱里,150,1275,許璋銜,02-27998085#1311,朱怡珊,02-27998085#1001,,臺北市內湖區港富里內湖路二段41號
SA114-0011,臺北市立內湖高級工業職業學校,臺北市,內湖區,港墘里,內湖路一段520號,學校,Y,備用,N,N,Y,Y,Y,N,港墘里、港都里、麗山里,245,918,陳銘智,02-26574874#121,林俊岳,02-26574874#301,,臺北市內湖區港墘里內湖路一段520號
SA114-0012,臺北市立明湖國民中學,臺北市,內湖區,葫洲里,康寧路三段60號,學校,N,備用,N,N,Y,Y,Y,N,五分里、安湖里、葫洲里、金湖里、康寧里、明湖里、蘆洲里、南湖里,251,1509.6,邱琬珍,02-26320616#500,林正洲,02-26320616#100,,臺北市內湖區葫洲里康寧路三段60號
SA114-0013,臺北市立三民國民中學,臺北市,內湖區,湖興里,民權東路六段45號,學校,N,備用,N,N,Y,Y,Y,N,行善里、週美里、石潭里、湖興里、湖元里、寶湖里、葫洲里、金湖里、康寧里、明湖里、蘆洲里、瑞光里,300,1234,涂淑雯,02-27924772#400,洪偉盛,02-27924772#100,,臺北市內湖區湖興里民權東路六段45號
SA114-0014,臺北市立東湖國民中學,臺北市,內湖區,樂康里,康樂街131號,學校,N,備用,N,N,Y,Y,Y,N,樂康里、東湖里、內溝里、安泰里、五分里,138,1376,侯玉芳,02-26330373#651,林凱瓊,02-26330373#601,,臺北市內湖區樂康里康樂街131號
SA114-0015,臺北市內湖區東湖國民小學,臺北市,內湖區,東湖里,東湖路115號,學校,N,備用,N,N,Y,Y,Y,N,樂康里、安泰里、東湖里、五分里、安湖里、內溝里,155,840,張恆嘉,02-26339984#832,許進富,02-26339984#800,,臺北市內湖區東湖里東湖路115號
SA114-0016,臺北市內湖區文湖國民小學,臺北市,內湖區,西康里,文湖街15號,學校,N,備用,N,N,Y,Y,Y,N,西康里、西安里、北安里,54,1917.95,徐婉倩,02-26583515#6300,陳熔釧,02-26583515#6000,,臺北市內湖區西康里文湖街15號
SA114-0017,臺北市內湖區西湖國民小學,臺北市,內湖區,西湖里,環山路一段25號,學校,Y,備用,N,N,Y,Y,Y,N,西湖里、西康里、西安里、麗山里,76,850,葉世杰,02-27971267#151,李三煌,02-27971267#101,,臺北市內湖區西湖里環山路一段25號
SA114-0018,臺北市西湖實驗國民中學,臺北市,內湖區,西湖里,環山路一段27號,學校,Y,備用,N,N,Y,Y,Y,N,西湖里、西安里、西康里、港華里、麗山里、港墘里,106,1355,李坦營,02-27991817#310,高毓璇,02-27991817#101,,臺北市內湖區西湖里環山路一段27號
SA114-0019,臺北市立內湖國民中學,臺北市,內湖區,紫陽里,陽光街1號,學校,N,備用,N,N,Y,Y,Y,N,清白里、紫星里、紫雲里、紫陽里、內湖里、大湖里、碧山里、金龍里、內溝里、秀湖里、瑞陽里、瑞光里、湖濱里、寶湖里,267,2216.2,彭昌隆,02-27900843#230,林志忠,02-27900843#200,,臺北市內湖區紫陽里陽光街1號
SA114-0020,臺北市內湖區明湖國民小學,臺北市,內湖區,明湖里,康寧路三段105號,學校,Y,備用,N,N,Y,Y,Y,N,安湖里、明湖里、康寧里、葫洲里、南湖里,137,1100,吳立明,02-26323477#41,虞志長,02-26323477#71,,臺北市內湖區明湖里康寧路三段105號
SA114-0021,臺北市內湖區南湖高級中學,臺北市,內湖區,南湖里,康寧路三段220號,學校,Y,備用,N,N,Y,Y,Y,N,五分里、南湖里、葫洲里、安湖里、康寧里,150,600,劉乃元,02-26308889#111,吉佛慈,02-26308889#401,,臺北市內湖區南湖里康寧路三段220號
SA114-0022,臺北市內湖區南湖國民小學,臺北市,內湖區,南湖里,康寧路三段200號,學校,N,備用,N,N,Y,Y,Y,N,五分里、蘆洲里、南湖里、五分里,400,1600,黃怡螢,02-26321296#51,汪明芳,02-26321296#11,,臺北市內湖區南湖里康寧路三段200號
SA114-0023,臺北市內湖區新湖國民小學,臺北市,內湖區,湖興里,民權東路六段138號,學校,Y,備用,N,N,Y,Y,Y,N,湖興里、湖元里、石潭里、寶湖里、石潭里、紫陽里,40,192,王筱雯,02-27963721#120,郭添財,02-27963721#310,,臺北市內湖區湖興里民權東路六段138號
SA114-0024,臺北市內湖區潭美國民小學,臺北市,內湖區,週美里,行善路179號,學校,Y,備用,N,N,Y,Y,Y,N,行善里、週美里、蘆洲里、石潭里、湖元里,81,1000,王志浩,02-27917334#231,方芳蘭,02-27917334#281,,臺北市內湖區週美里行善路179號
SA114-0025,臺北市立麗山高級中學,臺北市,內湖區,港華里,環山路二段100號,學校,Y,備用,N,N,Y,Y,Y,N,港華里、湖濱里、港富里、港墘里、麗山里、西湖里,60,481,高子倫,02-26570435#404,陳汶靖,02-26570435#100,,臺北市內湖區港華里環山路二段100號
SA114-0026,臺北市立麗山國民中學,臺北市,內湖區,港都里,內湖路一段629巷42號,學校,Y,備用,N,N,Y,Y,Y,N,港墘里、金瑞里、港富里、港都里、湖濱里、碧山里、瑞光里、麗山里、港華里,82,826.45,邱淑敏,02-27991867#401,王福從,02-27991867#101,,臺北市內湖區港都里內湖路一段629巷42號
SA114-0027,碧湖公園,臺北市,內湖區,湖濱里,"內湖路二段175號,國立台灣戲曲學院旁.",公園/綠地,N,Y,N,N,N,Y,N,Y,全區,552,131749,鍾明旭,02-26586601#207,宋馥華,02-26586601#201,,"臺北市內湖區湖濱里內湖路二段175號,國立台灣戲曲學院旁."
SA114-0028,臺北市市場處臺北市花卉批發市場,臺北市,內湖區,湖元里,臺北市內湖區新湖三路28號,市場/停車場,N,N,N,N,Y,Y,N,Y,全區,756,8429.75,市場處批發科廖華恩,02-2550-5220#2215,花卉公司 饒煥美,02-2790-9729#100,,臺北市內湖區新湖三路28號
SA114-0029,臺北市市場處西湖市場停車場,臺北市,內湖區,西湖里,臺北市內湖區內湖路1段285號,市場/停車場,Y,N,N,N,Y,Y,Y,N,全區,3962,15849,市場處市場科黃聖琳,02-25505220#2119,市場處市場科黃聖琳,02-25505220#2119,,臺北市內湖區內湖路1段285號
SA114-0030,西湖區民活動中心,臺北市,內湖區,西湖里,臺北市內湖區內湖路1段285號7樓,活動中心,Y,N,N,N,Y,Y,Y,N,西湖里,132,657.9,朱俊全,02-27925828#252,朱俊全,02-27925828#252,,臺北市內湖區內湖路1段285號7樓
SA114-0031,港華區民活動中心,臺北市,內湖區,港華里,臺北市內湖區環山路二段68巷14號,活動中心,N,N,N,N,Y,Y,Y,N,港華里,36,112.4,楊易兼,02-27925828#251,楊易兼,02-27925828#251,,臺北市內湖區環山路二段68巷14號
SA114-0032,港墘區民活動中心,臺北市,內湖區,港墘里,臺北市內湖區內湖路一段552號,活動中心,N,N,N,N,Y,Y,Y,N,港墘里,91,135.5,蔡昀竹,02-27925828#261,蔡昀竹,02-27925828#261,,臺北市內湖區內湖路一段552號
SA114-0033,湖興區民活動中心,臺北市,內湖區,湖興里,臺北市內湖區成功路二段320巷19號3樓,活動中心,Y,N,N,N,Y,Y,Y,N,湖興里,123,578.5,陳姵宇,02-27925828#217,陳姵宇,02-27925828#217,,臺北市內湖區成功路二段320巷19號3樓
SA114-0034,臺北市立圖書館內湖分館,臺北市,內湖區,湖興里,臺北市內湖區民權東路六段99號6樓,圖書館,Y,N,N,N,Y,Y,Y,N,全區,47,190,分館主任：林淑娟,02-27918772#9,分館主任：林淑娟,02-27918772#9,,臺北市內湖區民權東路六段99號6樓
SA114-0035,臺北市立圖書館西中分館,臺北市,內湖區,西湖里,臺北市內湖區內湖路1段285巷66號1-2樓,圖書館,Y,N,N,N,Y,Y,Y,N,全區,86,347.445,分館主任：林盈潔,02-87515497,分館主任：林盈潔02-8751-5497,02-87515497,,臺北市內湖區內湖路1段285巷66號1-2樓
SA114-0036,臺北市立圖書館西湖分館,臺北市,內湖區,港墘里,臺北市內湖區內湖路一段594號,圖書館,N,N,N,N,Y,Y,Y,N,全區,230,920,分館主任：方貝嘉,02-27973183,分館主任：方貝嘉,02-27973183,,臺北市內湖區內湖路一段594號
SA114-0037,臺北市立圖書館東湖分館,臺北市,內湖區,五分里,臺北市內湖區五分街6號,圖書館,N,N,N,N,Y,Y,Y,N,全區,577,2308,分館主任：秦知寧,02-26323378,分館主任：秦知寧,02-26323378,,臺北市內湖區五分街6號
SA114-0038,樂康區民活動中心,臺北市,內湖區,樂康里,臺北市內湖區康樂街150號6樓之一,活動中心,N,N,N,N,Y,Y,Y,N,樂康里,100,403.3,鄭玉綢,02-27925828#370,鄭玉綢,02-27925828#370,,臺北市內湖區康樂街150號6樓之一
SA115-0001,臺北市南港區舊莊國民小學,臺北市,南港區,舊莊里,舊莊街一段100號,學校,N,備用,老舊聚落,N,Y,Y,Y,N,舊莊里、中研里、九如里、中南里,92,550,黃信元,02-27821418#130,林淑菁,02-27821418#100,,臺北市南港區舊莊里舊莊街一段100號
SA115-0002,臺北市立育成高級中學,臺北市,南港區,南港里,重陽路366號,學校,N,備用,N,N,N,Y,Y,N,南港里、東新里、東明里、重陽里、新光里、西新里、中南里、舊莊里,318,1380,廖婉綺,02-26530475#551,曾文龍,02-26530475#501,,臺北市南港區南港里重陽路366號
SA115-0003,臺北市立南港高級中學,臺北市,南港區,西新里,向陽路21號,學校,N,備用,N,N,Y,Y,Y,N,南港里、玉成里、合成里、西新里、東新里、東明里、新光里、重陽里、百福里、舊莊里,324,3918,李嘉苓,02-27837863#241,廖純英,02-27837863#211,,臺北市南港區西新里向陽路21號
SA115-0004,臺北市南港區成德國民小學,臺北市,南港區,聯成里,東新街65號,學校,N,Y,N,N,Y,Y,Y,N,萬福里、聯成里、合成里、百福里,225,901,錢熙瑤,02-27851376#151,連世傑,02-27851376#111,,臺北市南港區聯成里東新街65號
SA115-0005,臺北市立成德國民中學,臺北市,南港區,成福里,東新街108巷23號,學校,N,備用,N,N,Y,Y,Y,N,聯成里、合成里、成福里、萬福里、鴻福里、新光里、百福里,92,368,劉兆遠,02-26515636#401,余志呈,02-26515636#101,,臺北市南港區成福里東新街108巷23號
SA115-0006,南港公園,臺北市,南港區,成福里,東新街170-1號,公園/綠地,N,Y,N,N,N,Y,N,Y,全區,8655,34620,高奕翔,02-27884255,高奕翔,02-27884255,,臺北市南港區成福里東新街170-1號
SA115-0007,臺北市南港運動中心,臺北市,南港區,合成里,玉成街69號,體育場館/運動中心,N,備用,N,N,Y,N,Y,N,合成里、玉成里、萬福里,240,1288,丁怡楓,02-2653-2279#231,葉詩郁,02-2570-2330#6427,,臺北市南港區合成里玉成街69號
SA115-0008,臺北市極限運動訓練中心,臺北市,南港區,中南里,忠孝東路七段382號,體育場館/運動中心,Y,備用,N,N,Y,N,Y,N,中南里、新富里、新光里、南港里,50,599.77,羅威士,02-2579-1710,葉詩郁,02-2570-2330#6427,,臺北市南港區中南里忠孝東路七段382號
SA115-0009,臺北市南港區玉成國民小學,臺北市,南港區,西新里,向陽路31號,學校,N,備用,N,N,Y,N,Y,N,西新里、東新里、玉成里、新光里、東明里、合成里、重陽里,30,150,邱騫慧,02-27836049#150,楊火順,02-27836049#110,,臺北市南港區西新里向陽路31號
SA115-0010,臺北市南港區東新國民小學,臺北市,南港區,東新里,興南街62號,學校,N,備用,N,N,Y,Y,Y,N,南港里、東新里、東明里、重陽里、重陽里,45,180,曾永在,02-27837577#1400,李家旭,02-26512663,,臺北市南港區東新里興南街62號
SA115-0011,臺北市立南港高級工業職業學校,臺北市,南港區,南港里,興中路29號,學校,Y,備用,N,N,Y,Y,Y,N,南港里、東新里、東明里,160,1597,林佩嫻,02-27825432#1506,劉美慧,02-27825432#1001,,臺北市南港區南港里興中路29號
SA115-0012,臺北市南港區南港國民小學,臺北市,南港區,三重里,惠民街67號,學校,Y,備用,N,N,Y,Y,Y,N,南港里、中南里、三重里、新富里、中研里、九如里,50,726.3025,卓燈賢,02-27834678#2301,張嘉芬,02-27834678#2801,,臺北市南港區三重里惠民街67號
SA115-0013,臺北市南港區胡適國民小學,臺北市,南港區,中研里,舊莊街一段1號,學校,Y,備用,N,N,Y,Y,Y,N,中研里、九如里,225,2254.88,徐鵬谷,02-27824949#930,楊智堅,02-27824949#980,,臺北市南港區中研里舊莊街一段1號
SA115-0014,臺北市誠正國民中學,臺北市,南港區,新富里,富康街1巷24號,學校,N,備用,N,N,Y,Y,Y,N,三重里、中南里、中研里、新富里、舊庄里、九如里,143,300,曾煥玲,02-27828094#1500,王儷芬,02-27828094#1111,,臺北市南港區新富里富康街1巷24號
SA115-0015,臺北市南港區修德國民小學,臺北市,南港區,成福里,東新街118巷86號,學校,N,Y,N,N,Y,Y,Y,N,鴻福里、成福里、仁福里、新光里、百福里,95,3123.7084,謝家益,02-27880500#151,王玉,02-27880500#111,,臺北市南港區成福里東新街118巷86號
SA115-0016,玉成公園,臺北市,南港區,鴻福里,中坡南路55號,公園/綠地,N,Y,N,N,N,Y,N,Y,全區,3523,40587,高奕翔,02-27884255,高奕翔,02-27884255,,臺北市南港區鴻福里中坡南路55號
SA115-0017,臺北市市場處中研市場地下停車場,臺北市,南港區,中研里,臺北市南港區研究院路二段70巷12號,市場/停車場,N,N,N,N,Y,Y,Y,N,全區,100,400,市場處市場科林淑美,02-25505220#2144,市場處市場科林淑美,02-25505220#2144,,臺北市南港區研究院路二段70巷12號
SA115-0018,南港展覽館站,臺北市,南港區,新富里,臺北市南港區研究院路1段1號,捷運站體,N,N,N,N,Y,Y,Y,N,全區,1091,4364,臺北捷運公司值班站長,25505600#6182,臺北捷運公司值班站長,25505600#6182,,臺北市南港區研究院路1段1號
SA115-0019,南港轉運站西站,臺北市,南港區,中南里,臺北市南港區忠孝東路7段359號,捷運站體,Y,N,N,N,Y,Y,Y,N,全區,748,2995,朱哲輝,02-27837415,朱哲輝,953361856,,臺北市南港區忠孝東路7段359號
SA115-0020,臺北市立圖書館南港分館,臺北市,南港區,南港里,臺北市南港區南港路一段350號,圖書館,N,N,N,N,Y,Y,Y,N,全區,391,1565.25,分館主任：陳式暘,02-27825232,分館主任：陳式暘,02-27825232,,臺北市南港區南港路一段350號
SA115-0021,臺北市立圖書館舊莊分館,臺北市,南港區,舊莊里,臺北市南港區舊莊街一段91巷11號2-5樓,圖書館,N,N,N,N,Y,Y,Y,N,全區,107,1268,分館主任：李雯雯,02-27837212#9,分館主任：李雯雯,02-27837212#9,,臺北市南港區舊莊街一段91巷11號2-5樓
SA115-0022,臺北流行音樂中心,臺北市,南港區,東明里,臺北市南港區市民大道八段99號,藝術中心,N,N,N,N,Y,Y,Y,N,東明里新光里,1278,18483.35,蔡文斌經理,02-27886620#8411,蔡文斌經理,02-27886620#8411,,臺北市南港區市民大道八段99號
SA116-0001,臺北市立景興國民中學,臺北市,文山區,景華里,景興路46巷2號,學校,N,Y,N,N,Y,Y,Y,N,萬祥里、萬有里、萬隆里、萬和里、興福里、景華里、景東里、興豐里、興安里、博嘉里,169,676,蔡佩穎,02-29323794#130,蔡來淑,02-29323794#100,,臺北市文山區景華里景興路46巷2號
SA116-0002,臺北市文山區萬興國民小學,臺北市,文山區,萬興里,秀明路二段114號,學校,N,備用,N,N,Y,Y,Y,N,萬興里、政大里、里、博嘉里,152,608,張寶元,02-29381721#130,蕭建嘉,02-29381721#190,,臺北市文山區萬興里秀明路二段114號
SA116-0003,臺北市文山區景興國民小學,臺北市,文山區,興安里,景華街150巷21號,學校,N,Y,N,N,Y,Y,Y,N,興福里、景東里、景華里、興安里、博嘉里,158,693,謝佳燕,02-29329439#730,陳素蘭,02-29329439#700,,臺北市文山區興安里景華街150巷21號
SA116-0004,景華公園,臺北市,文山區,景華里,景興路與景華街交义口,公園/綠地,N,Y,N,N,N,Y,N,Y,全區,1347,16802,陳立炎,02-22300340,陳立炎,02-22300340,,臺北市文山區景華里景興路與景華街交义口
SA116-0005,行政中心大禮堂,臺北市,文山區,木新里,木柵路三段220號10樓,活動中心,Y,N,N,N,N,Y,Y,N,木新里、老泉里,60,658.69,黃偕文,02-29365522#323,黃偕文,02-29365522#323,,臺北市文山區木新里木柵路三段220號10樓
SA116-0006,臺北市文山運動中心,臺北市,文山區,興得里,興隆路三段222號,體育場館/運動中心,Y,備用,N,N,Y,N,Y,N,全區,189,1892.98,呂佳鴻,02-2230-8268#231,王家慶,02-2570-2330#6428,,臺北市文山區興得里興隆路三段222號
SA116-0007,臺北市文山區力行國民小學,臺北市,文山區,樟腳里,木新路三段155巷7號,學校,N,備用,N,N,Y,Y,Y,N,樟腳里、老泉里、樟新里、順興里、木新里、樟樹里,60,316.8,鄭博文,02-29363995轉821,徐家莆,02-29363995#859,,臺北市文山區樟腳里木新路三段155巷7號
SA116-0008,臺北市立木柵高級工業職業學校,臺北市,文山區,博嘉里,木柵路四段77號,學校,Y,備用,N,N,Y,Y,Y,N,博嘉里、萬美里、萬芳里,169,1633.85,許佑任,02-22300506#601,陳美保,02-22300506#101,,臺北市文山區博嘉里木柵路四段77號
SA116-0009,臺北市文山區木柵國民小學,臺北市,文山區,木柵里,木柵路三段191號,學校,N,備用,N,N,Y,Y,Y,N,木柵里、木新里、順興里、樟腳里、忠順里、博嘉里、萬芳里、萬美里、明義里,155,1552,游雅婷,02-29391234#630,彭惠儀,02-29391234#666,,臺北市文山區木柵里木柵路三段191號
SA116-0010,臺北市立木柵國民中學,臺北市,文山區,木柵里,木柵路三段102巷12號,學校,Y,備用,N,N,Y,Y,Y,N,木柵里、木新里、順興里、樟腳里、忠順里、博嘉里、萬芳里、萬美里、明義里,56,222,王國浩,02-29393031#600,柯淑惠,02-29393031#100,,臺北市文山區木柵里木柵路三段102巷12號
SA116-0011,臺北市立北政國民中學,臺北市,文山區,指南里,指南路三段2巷14號,學校,N,備用,N,N,Y,Y,Y,N,指南里、萬興里、政大里,30,202,陳靖婷,02-29393651#51,洪素眞,02-29393651#11,,臺北市文山區指南里指南路三段2巷14號
SA116-0012,臺北市文山區永建國民小學,臺北市,文山區,華興里,試院路2號木柵路一段311巷1號,學校,Y,備用,N,N,Y,Y,Y,N,試院里、華興里,175,1360,吳淑娟,02-29377199#131,林裕勝,02-29377199#100,,臺北市文山區華興里試院路2號木柵路一段311巷1號
SA116-0013,臺北巿文山區志清國民小學,臺北市,文山區,景仁里,景福街21巷5號,學校,N,備用,N,N,Y,Y,Y,N,景華里、景仁里、萬隆里、萬有里,66,268,蔡瓊華,02-29323875#541,張瑞庭,02-29323875#510,,臺北市文山區景仁里景福街21巷5號
SA116-0014,臺北巿文山區辛亥國民小學,臺北市,文山區,興昌里,辛亥路四段103號,學校,Y,備用,N,N,Y,Y,Y,N,興昌里、興光里、興泰里、萬美里,144,576,劉正湖,02-29357282#141,温博安,02-29339668,,臺北市文山區興昌里辛亥路四段103號
SA116-0015,臺北巿文山區明道國民小學,臺北市,文山區,明義里,木柵路二段138巷61號,學校,N,備用,N,N,Y,Y,Y,N,明義里、明興里、順興里、木柵里、忠順里、樟林里,500,954.75,李奇威,02-29392821#130,匡秀蘭,02-29392821#100,,臺北市文山區明義里木柵路二段138巷61號
SA116-0016,臺北市文山區武功國民小學,臺北市,文山區,萬祥里,興隆路一段68號,學校,N,備用,N,N,Y,Y,Y,N,萬盛里、萬祥里、萬有里、興豐里、興豐里,315,1240,李佩純,02-29314360#38,白玉玲,02-29314360#11,,臺北市文山區萬祥里興隆路一段68號
SA116-0017,臺北市指南實驗國民小學,臺北市,文山區,指南里,指南路三段38巷5-2號,學校,N,備用,N,N,Y,Y,Y,N,指南里,30,62,蘇霈,02-29393546#501,游惠音,02-29393546#101,,臺北市文山區指南里指南路三段38巷5-2號
SA116-0018,臺北市博嘉實驗國民小學,臺北市,文山區,博嘉里,木柵路四段159巷14-1號,學校,Y,備用,N,N,Y,Y,Y,N,博嘉里、萬興里,30,67.5,楊曉雯,02-22302585#130,洪慧瑄,02-22302585#100,,臺北市文山區博嘉里木柵路四段159巷14-1號
SA116-0019,臺北市立景美女子高級中學,臺北市,文山區,樟文里,木新路三段312號,學校,N,備用,N,N,Y,Y,Y,N,樟林里、樟文里、樟樹里,300,1407.33,林偉民,02-29368847#218,周寤竹,02-29368847#201,,臺北市文山區樟文里木新路三段312號
SA116-0020,臺北市文山區景美國民小學,臺北市,文山區,景行里,景文街108號,學校,N,備用,N,N,Y,Y,Y,N,景美里、景行里、景東里、試院里,74,152,徐謀康,02-29322151#130,康燕玉,02-29322151#100,,臺北市文山區景行里景文街108號
SA116-0021,臺北市立景美國民中學,臺北市,文山區,景華里,景中街27號,學校,Y,備用,N,N,Y,Y,Y,N,景美里、景行里、景仁里、景慶里、景東里、景華里、試院里,80,690,王俊杰,02-89353130#501,許順興,02-89353130#101,,臺北市文山區景華里景中街27號
SA116-0022,臺北市文山區溪口國民小學,臺北市,文山區,景慶里,景福街225號,學校,Y,備用,N,N,Y,Y,Y,N,景慶里、景美里、景仁里,90,600,劉家森,02-29350955#715,張正霖,02-29350955#710,,臺北市文山區景慶里景福街225號
SA116-0023,臺北市立萬芳高級中學,臺北市,文山區,興光里,興隆路三段115巷1號,學校,N,備用,N,N,Y,Y,Y,N,興得里、興昌里、興光里、興家里、明興里、萬美里、萬芳里、博嘉里、明義里,131,1300.06,楊謦鮫,02-22309585#500,李冠達,02-22309585#100,,臺北市文山區興光里興隆路三段115巷1號
SA116-0024,臺北市文山區萬芳國民小學,臺北市,文山區,萬芳里,萬和街1號,學校,N,備用,N,N,Y,Y,Y,N,萬芳里、博嘉里、萬美里,135,600,尹維洸,02-22301232#831,陳幼君,02-22301232#861,,臺北市文山區萬芳里萬和街1號
SA116-0025,臺北市立萬福國民小學,臺北市,文山區,萬年里,羅斯福五段170巷32號,學校,N,備用,N,N,Y,Y,Y,N,萬年里、萬和里、萬隆里,32,130,林江臺,02-29353123#131,林明助,02-29353123#101,,臺北市文山區萬年里羅斯福五段170巷32號
SA116-0026,臺北市文山區實踐國民小學,臺北市,文山區,樟文里,忠順街一段4號,學校,N,備用,N,N,Y,Y,Y,N,樟樹里、樟林里、樟文里,75,500,蘇瑋翔,02-29360725#140,林松金,02-29360725#110,,臺北市文山區樟文里忠順街一段4號
SA116-0027,臺北市立實踐國民中學,臺北市,文山區,樟林里,辛亥路七段67號,學校,N,備用,N,N,Y,N,Y,N,老泉里、華興里、試院里、樟林里、樟新里、樟腳里、樟文里、樟樹里、明義里,300,1039,黃朝楠,02-22362852#150,莊玫欣,02-22362852#111,,臺北市文山區樟林里辛亥路七段67號
SA116-0028,臺北市文山區興華國民小學,臺北市,文山區,興光里,興隆路三段125巷6號,學校,N,備用,N,N,Y,Y,Y,N,興家里、興得里、興光里,30,180,呂昌諭,02-22393070#130,陳文祥,02-22393070#100,,臺北市文山區興光里興隆路三段125巷6號
SA116-0029,臺北市文山區興隆國民小學,臺北市,文山區,興旺里,福興路2號,學校,Y,備用,N,N,Y,Y,Y,N,興旺里、興泰里、興業里、興邦里、興得里,133,864,陳昭宇,02-29323131#511,李一聖,02-29323131#631,,臺北市文山區興旺里福興路2號
SA116-0030,臺北市立興福國民中學,臺北市,文山區,興旺里,福興路80號,學校,N,備用,N,N,Y,Y,Y,N,興旺里、興泰里、興業里、興安里、興邦里、景東里、興豐里、興福里、萬盛里、萬芳里、萬美里、博嘉里,300,837,林晋志,02-29322024#400,莊富西,02-29322024#100,,臺北市文山區興旺里福興路80號
SA116-0031,臺北市文山區興德國民小學,臺北市,文山區,興邦里,興隆路二段235號,學校,Y,備用,N,N,Y,Y,Y,N,興豐里、興安里、興邦里、興豐里、興業里、興邦里、興旺里,30,135,黃衍添,02-29329431#37,林碧雲,02-29329431#66,,臺北市文山區興邦里興隆路二段235號
SA116-0032,興隆公園,臺北市,文山區,興業里,興隆路二段154巷與仙岩路交叉口.,公園/綠地,Y,Y,N,N,N,Y,N,Y,全區,1290,14862,陳立炎,02-22300340,陳立炎,02-22300340,,臺北市文山區興業里興隆路二段154巷與仙岩路交叉口.
SA116-0033,臺北市市場處木柵市場地下停車場,臺北市,文山區,木新里,臺北市文山區保儀路13巷3號,市場/停車場,Y,N,N,N,Y,Y,Y,N,全區,315,1263,市場處市場科林佳穎,02-25505220#2145,市場處市場科林佳穎,02-25505220#2145,,臺北市文山區保儀路13巷3號
SA116-0034,臺北市市場處木新市場地下停車場,臺北市,文山區,樟文里,臺北市文山區木新路三段310巷4號,市場/停車場,N,N,N,N,Y,Y,Y,N,全區,450,1800,市場處市場科林佳穎,02-25505220#2145,市場處市場科林佳穎,02-25505220#2145,,臺北市文山區木新路三段310巷4號
SA116-0035,木新區民活動中心(暫停用),臺北市,文山區,樟文里,臺北市文山區木新路三段310巷4號2樓、2樓之1,活動中心,N,N,N,N,Y,N,N,N,無,204,626.76,薛湘瀅,02-29365522#207,薛湘瀅,02-29365522#207,區公所:室內無法使用。本府回復:同意暫時解除任務，俟木新區民活動中心新建後回任，本案持續列管。,臺北市文山區木新路三段310巷4號2樓、2樓之1
SA116-0036,永建區民活動中心(暫停用),臺北市,文山區,華興里,臺北市文山區木柵路一段177號3樓之1,活動中心,Y,N,N,N,Y,N,N,N,無,162,773.37,薛湘瀅,02-29365522#207,薛湘瀅,02-29365522#207,區公所:預計114年拆除完畢。本府回復:同意暫時解除任務，俟新建後回任，本案持續列管。,臺北市文山區木柵路一段177號3樓之1
SA116-0037,忠順區民活動中心,臺北市,文山區,順興里,臺北市文山區忠順街2段22號2樓,活動中心,N,備用,N,備用,Y,Y,N,N,順興里,62,218.18,薛湘瀅,02-29365522#207,薛湘瀅,02-29365522#207,,臺北市文山區忠順街2段22號2樓
SA116-0038,景行區民活動中心,臺北市,文山區,景行里,臺北市文山區羅斯福路六段393號6~9樓,活動中心,Y,備用,N,備用,Y,Y,Y,N,景行里,123,794.56,王詩雲,02-29365522#204,王詩雲,02-29365522#204,,臺北市文山區羅斯福路六段393號6~9樓
SA116-0039,萬芳區民活動中心,臺北市,文山區,萬芳里,臺北市文山區萬美街一段51號3樓,活動中心,N,備用,N,備用,Y,Y,Y,N,萬芳里,166,794.04,薛湘瀅,02-29365522#207,薛湘瀅,02-29365522#207,,臺北市文山區萬美街一段51號3樓
SA116-0040,萬福區民活動中心,臺北市,文山區,萬和里,臺北市文山區萬隆街47之12號房屋地下層,活動中心,Y,備用,N,備用,Y,Y,Y,N,萬和里,99,396.69,王詩雲,02-29365522#204,王詩雲,02-29365522#204,,臺北市文山區萬隆街47之12號房屋地下層
SA116-0041,萬興區民活動中心,臺北市,文山區,萬興里,臺北市文山區萬壽路27號7樓,活動中心,Y,備用,N,備用,Y,Y,Y,N,萬興里,206,944.78,薛湘瀅,02-29365522#207,薛湘瀅,02-29365522#207,,臺北市文山區萬壽路27號7樓
SA116-0042,樟新區民活動中心,臺北市,文山區,樟新里,臺北市文山區一壽街22號9~10樓,活動中心,N,備用,N,備用,Y,Y,Y,N,樟新里,279,1442.1,薛湘瀅,02-29365522#207,薛湘瀅,02-29365522#207,,臺北市文山區一壽街22號9~10樓
SA116-0043,樟腳區民活動中心,臺北市,文山區,樟腳里,臺北市文山區恆光街45號7F~8F,活動中心,N,備用,N,備用,Y,Y,Y,N,樟腳里,97,704.87,薛湘瀅,02-29365522#207,薛湘瀅,02-29365522#207,,臺北市文山區恆光街45號7F~8F
SA116-0044,興隆區民活動中心,臺北市,文山區,興福里,臺北市文山區興隆路二段97號4樓,活動中心,N,備用,N,備用,Y,Y,Y,N,興福里,165,905,王詩雲,02-29365522#204,王詩雲,02-29365522#204,,臺北市文山區興隆路二段97號4樓
SA116-0045,博客停車場-政大場,臺北市,文山區,萬興里,臺北市文山區萬壽路27號地下一至二樓,市場/停車場,N,N,N,N,Y,Y,Y,N,全區,1029,3190.04,市場處市場輔導科紀金村,2550-5220#5010,市場處市場輔導科紀金村,2550-5220 #5010,萬興超市,臺北市文山區萬壽路27號地下一至二樓
SA116-0046,臺北市市場處萬和超市地下停車場,臺北市,文山區,萬和里,臺北市文山區萬隆街47之12號地下1層,市場/停車場,Y,N,N,N,Y,Y,Y,N,全區,338,735.61,市場處輔導科紀金村,02-2550-5220#5010,市場處輔導科紀金村,02-2550-5220#5010,萬和超市,臺北市文山區萬隆街47之12號地下1層
SA116-0047,臺北市立圖書館力行分館,臺北市,文山區,樟新里,臺北市文山區一壽街22號5-8樓,圖書館,N,N,N,N,Y,Y,Y,N,全區,197,788.6,分館主任：林佳穎,02-86612196,分館主任：林佳穎,02-86612196,,臺北市文山區一壽街22號5-8樓
SA116-0048,臺北市立圖書館文山分館,臺北市,文山區,興業里,臺北市文山區興隆路二段160號7-9樓,圖書館,Y,N,N,N,Y,Y,Y,N,全區,184,739.9,分館主任：宋南靜,02-29315339#9,分館主任：宋南靜,02-29315339#9,,臺北市文山區興隆路二段160號7-9樓
SA116-0049,臺北市立圖書館木柵分館,臺北市,文山區,木新里,臺北市文山區保儀路13巷3號3、4樓,圖書館,Y,N,N,N,Y,Y,Y,N,木柵里、木新里、順興里、樟腳里、忠順里、博嘉里、萬芳里、萬美里、明義里,119,1654.12,分館主任:曾湘惠,02-29397520,分館主任:曾湘惠,02-29397520,,臺北市文山區保儀路13巷3號3、4樓
SA116-0050,臺北市立圖書館景美分館,臺北市,文山區,萬年里,臺北市文山區羅斯福路五段176巷50號2-4樓,圖書館,N,N,N,N,Y,Y,Y,N,全區,183,733,分館主任：張瑞娟,02-29328457,分館主任：張瑞娟,02-29328457,,臺北市文山區羅斯福路五段176巷50號2-4樓
SA116-0051,臺北市立圖書館景新分館,臺北市,文山區,景行里,臺北市文山區景後街151號5-10樓,圖書館,N,N,N,N,Y,Y,Y,N,全區,264,1056,分館主任:黃婕瑜,02-29331244#9,分館主任:黃婕瑜,02-29331244#9,,臺北市文山區景後街151號5-10樓
SA116-0052,臺北市立圖書館萬興分館,臺北市,文山區,萬興里,臺北市文山區萬壽路27號4-5樓,圖書館,N,N,N,N,Y,Y,Y,N,全區,166,664,分館主任：洪錦惠,02-23345501,分館主任：洪錦惠,02-23345501,,臺北市文山區萬壽路27號4-5樓
SA116-0053,臺北市市場處興隆市場地下停車場,臺北市,文山區,興豐里,臺北市文山區興隆路二段97號,市場/停車場,N,N,N,N,Y,Y,Y,N,全區,439,1757,市場處市場科林佳穎,02-25505220#2145,市場處市場科林佳穎,02-25505220#2145,,臺北市文山區興隆路二段97號
SA116-0054,興業區民活動中心,臺北市,文山區,興業里,臺北市文山區興隆路二段160號10樓,活動中心,Y,備用,N,備用,Y,Y,Y,N,興業里,238,1097.96,王詩雲,02-29365522#204,王詩雲,02-29365522#204,,臺北市文山區興隆路二段160號10樓
SA116-0055,興豐區民活動中心,臺北市,文山區,興豐里,臺北市文山區興隆路二段95巷8號7~9樓,活動中心,N,備用,N,備用,Y,Y,Y,N,興豐里,103,558.99,王詩雲,02-29365522#204,王詩雲,02-29365522#204,,臺北市文山區興隆路二段95巷8號7~9樓
,,,,,倘有篩選者請記得復原,,,,,,,,,,,289266,,,,,,,倘有篩選者請記得復原
